num_functions,num_function_declarations,num_global_variables,num_arguments,num_basic_blocks,total_instructions,num_loads,num_stores,num_alloca,num_gep,num_calls,num_ret,num_branches,num_cond_branches,num_uncond_branches,num_switch,num_icmp,num_fcmp,num_phi,num_select,num_int_arith,num_fp_arith,num_bitwise,num_casts,num_const_operands,num_const_int_operands,num_const_float_operands,num_terminators,num_entry_blocks,num_exit_blocks,num_back_edges,num_natural_loops,max_loop_depth,num_critical_edges,max_block_instructions,avg_block_instructions,max_function_instructions,avg_instructions_per_function,avg_predecessors,max_successors,cyclomatic_complexity,mem_ops,mem_ratio,fp_ratio,branch_ratio,estimated_ir_bytes,static_cost,uses_float,pass-sroa,pass-sccp,pass-instcombine,pass-aggressive-instcombine,pass-simplifycfg,pass-gvn,pass-dse,pass-dce,pass-adce,pass-reassociate,pass-lcsr,pass-loop-unroll,pass-loop-rotate,pass-lcssa,pass-tailcallelim,pass-sinking,pass-ipsccp,pass-constmerge,pass-globalopt,benchmark,sequence,t_compile_s,t_shared_s,runtime_s_median,instructions_before,instructions_after,static_cost_after,energy_compile_j,energy_source,edp_savings
2.0,0.0,0.0,1.0,10.0,50.0,13.0,8.0,4.0,0.0,1.0,2.0,8.0,3.0,5.0,0.0,3.0,0.0,0.0,0.0,10.0,0.0,1.0,0.0,18.0,17.0,0.0,10.0,2.0,2.0,2.0,2.0,1.0,1.0,15.0,5.0,25.0,25.0,1.375,2.0,5.0,25.0,0.5,0.0,0.06,2548.0,178.0,0.0,0,0,0,0,0,0,0,0,0,0,0,0,0,0,0,0,0,0,0,bit_series.c,(none),0.0018704300018725917,0.008418059995165095,3.02903494603452e-06,50,50,178.0,,estimated,0.0
2.0,0.0,0.0,1.0,10.0,50.0,13.0,8.0,4.0,0.0,1.0,2.0,8.0,3.0,5.0,0.0,3.0,0.0,0.0,0.0,10.0,0.0,1.0,0.0,18.0,17.0,0.0,10.0,2.0,2.0,2.0,2.0,1.0,1.0,15.0,5.0,25.0,25.0,1.375,2.0,5.0,25.0,0.5,0.0,0.06,2548.0,178.0,0.0,1,1,1,0,1,1,0,1,0,0,0,0,0,0,0,0,0,0,0,bit_series.c,-sroa|-sccp|-instcombine|-simplifycfg|-gvn|-dce,0.004983772996638436,0.008418059995165095,2.008245439156968e-06,50,24,71.0,,estimated,0.31910071684041574
2.0,0.0,0.0,1.0,10.0,50.0,13.0,8.0,4.0,0.0,1.0,2.0,8.0,3.0,5.0,0.0,3.0,0.0,0.0,0.0,10.0,0.0,1.0,0.0,18.0,17.0,0.0,10.0,2.0,2.0,2.0,2.0,1.0,1.0,15.0,5.0,25.0,25.0,1.375,2.0,5.0,25.0,0.5,0.0,0.06,2548.0,178.0,0.0,1,1,1,0,1,1,1,1,1,1,1,0,1,1,1,0,0,0,0,bit_series.c,-sroa|-sccp|-instcombine|-simplifycfg|-gvn|-dce|-adce|-dse|-reassociate|-lcsr|-loop-rotate|-lcssa|-tailcallelim,0.0081073280016426,0.008418059995165095,2.011762996825791e-06,50,29,76.0,,estimated,0.18457649388488995
2.0,0.0,0.0,1.0,10.0,50.0,13.0,8.0,4.0,0.0,1.0,2.0,8.0,3.0,5.0,0.0,3.0,0.0,0.0,0.0,10.0,0.0,1.0,0.0,18.0,17.0,0.0,10.0,2.0,2.0,2.0,2.0,1.0,1.0,15.0,5.0,25.0,25.0,1.375,2.0,5.0,25.0,0.5,0.0,0.06,2548.0,178.0,0.0,1,1,1,1,1,1,1,1,1,1,1,1,1,1,1,1,1,1,1,bit_series.c,-sroa|-sccp|-instcombine|-simplifycfg|-gvn|-dce|-adce|-dse|-reassociate|-lcsr|-loop-rotate|-lcssa|-tailcallelim|-aggressive-instcombine|-loop-unroll|-ipsccp|-sinking|-globalopt|-constmerge,0.010943449000478722,0.008418059995165095,2.0145665402818662e-06,50,29,76.0,,estimated,0.05212145185352592
2.0,0.0,0.0,1.0,10.0,50.0,13.0,8.0,4.0,0.0,1.0,2.0,8.0,3.0,5.0,0.0,3.0,0.0,0.0,0.0,10.0,0.0,1.0,0.0,18.0,17.0,0.0,10.0,2.0,2.0,2.0,2.0,1.0,1.0,15.0,5.0,25.0,25.0,1.375,2.0,5.0,25.0,0.5,0.0,0.06,2548.0,178.0,0.0,1,0,0,0,1,0,0,0,0,0,0,0,0,0,0,0,0,0,0,bit_series.c,-sroa|-simplifycfg,0.002050615999905858,0.008418059995165095,2.1553687200784e-06,50,28,91.0,,estimated,0.377258922821145
2.0,0.0,0.0,1.0,10.0,50.0,13.0,8.0,4.0,0.0,1.0,2.0,8.0,3.0,5.0,0.0,3.0,0.0,0.0,0.0,10.0,0.0,1.0,0.0,18.0,17.0,0.0,10.0,2.0,2.0,2.0,2.0,1.0,1.0,15.0,5.0,25.0,25.0,1.375,2.0,5.0,25.0,0.5,0.0,0.06,2548.0,178.0,0.0,1,1,0,0,1,1,1,0,0,0,0,0,0,0,0,0,0,0,0,bit_series.c,-sroa|-sccp|-simplifycfg|-gvn|-dse,0.0039457349994336255,0.008418059995165095,2.1598814534298775e-06,50,27,76.0,,estimated,0.2995085162939665
2.0,0.0,0.0,1.0,10.0,50.0,13.0,8.0,4.0,0.0,1.0,2.0,8.0,3.0,5.0,0.0,3.0,0.0,0.0,0.0,10.0,0.0,1.0,0.0,18.0,17.0,0.0,10.0,2.0,2.0,2.0,2.0,1.0,1.0,15.0,5.0,25.0,25.0,1.375,2.0,5.0,25.0,0.5,0.0,0.06,2548.0,178.0,0.0,0,0,0,0,0,0,0,0,0,0,1,1,1,0,0,0,0,0,0,bit_series.c,-loop-rotate|-loop-unroll|-lcsr,0.0045445920040947385,0.008418059995165095,3.1653875036378547e-06,50,56,192.0,,estimated,-0.20890529258142543
2.0,0.0,0.0,1.0,10.0,50.0,13.0,8.0,4.0,0.0,1.0,2.0,8.0,3.0,5.0,0.0,3.0,0.0,0.0,0.0,10.0,0.0,1.0,0.0,18.0,17.0,0.0,10.0,2.0,2.0,2.0,2.0,1.0,1.0,15.0,5.0,25.0,25.0,1.375,2.0,5.0,25.0,0.5,0.0,0.06,2548.0,178.0,0.0,0,1,0,0,0,0,0,0,0,1,0,0,0,0,0,0,0,0,0,bit_series.c,-sccp|-reassociate,0.0019512630024109967,0.008418059995165095,3.032525634426926e-06,50,50,178.0,,estimated,-0.0057125804469299254
2.0,0.0,0.0,1.0,10.0,50.0,13.0,8.0,4.0,0.0,1.0,2.0,8.0,3.0,5.0,0.0,3.0,0.0,0.0,0.0,10.0,0.0,1.0,0.0,18.0,17.0,0.0,10.0,2.0,2.0,2.0,2.0,1.0,1.0,15.0,5.0,25.0,25.0,1.375,2.0,5.0,25.0,0.5,0.0,0.06,2548.0,178.0,0.0,0,0,0,0,1,0,1,0,1,0,0,0,0,0,0,0,1,0,0,bit_series.c,-simplifycfg|-dse|-adce|-ipsccp,0.0032482590031577274,0.008418059995165095,3.2209302968011345e-06,50,50,178.0,,estimated,-0.169088335793238
2.0,0.0,0.0,1.0,10.0,50.0,13.0,8.0,4.0,0.0,1.0,2.0,8.0,3.0,5.0,0.0,3.0,0.0,0.0,0.0,10.0,0.0,1.0,0.0,18.0,17.0,0.0,10.0,2.0,2.0,2.0,2.0,1.0,1.0,15.0,5.0,25.0,25.0,1.375,2.0,5.0,25.0,0.5,0.0,0.06,2548.0,178.0,0.0,0,0,0,0,1,0,1,0,0,0,0,1,1,0,0,0,0,0,0,bit_series.c,-simplifycfg|-dse|-loop-unroll|-loop-rotate,0.003951836995838676,0.008418059995165095,3.3553857065271587e-06,50,56,192.0,,estimated,-0.2807828996644153
2.0,0.0,0.0,1.0,10.0,50.0,13.0,8.0,4.0,0.0,1.0,2.0,8.0,3.0,5.0,0.0,3.0,0.0,0.0,0.0,10.0,0.0,1.0,0.0,18.0,17.0,0.0,10.0,2.0,2.0,2.0,2.0,1.0,1.0,15.0,5.0,25.0,25.0,1.375,2.0,5.0,25.0,0.5,0.0,0.06,2548.0,178.0,0.0,0,0,0,1,0,0,0,1,0,0,0,0,0,0,0,0,0,0,0,bit_series.c,-aggressive-instcombine|-dce,0.001959039997018408,0.008418059995165095,3.2160884433831436e-06,50,50,178.0,,estimated,-0.0988908860479925
2.0,0.0,0.0,1.0,10.0,50.0,13.0,8.0,4.0,0.0,1.0,2.0,8.0,3.0,5.0,0.0,3.0,0.0,0.0,0.0,10.0,0.0,1.0,0.0,18.0,17.0,0.0,10.0,2.0,2.0,2.0,2.0,1.0,1.0,15.0,5.0,25.0,25.0,1.375,2.0,5.0,25.0,0.5,0.0,0.06,2548.0,178.0,0.0,0,0,0,0,0,0,0,0,1,0,0,0,1,0,0,0,0,0,0,bit_series.c,-adce|-loop-rotate,0.0023176379982032813,0.008418059995165095,3.409127786810608e-06,50,56,192.0,,estimated,-0.22033660414961212
2.0,0.0,0.0,1.0,10.0,50.0,13.0,8.0,4.0,0.0,1.0,2.0,8.0,3.0,5.0,0.0,3.0,0.0,0.0,0.0,10.0,0.0,1.0,0.0,18.0,17.0,0.0,10.0,2.0,2.0,2.0,2.0,1.0,1.0,15.0,5.0,25.0,25.0,1.375,2.0,5.0,25.0,0.5,0.0,0.06,2548.0,178.0,0.0,0,0,0,0,1,0,1,1,0,0,0,0,0,0,0,0,0,0,0,bit_series.c,-simplifycfg|-dse|-dce,0.002750387000560295,0.008418059995165095,3.373868063742217e-06,50,50,178.0,,estimated,-0.22470449131019393
2.0,0.0,0.0,1.0,10.0,50.0,13.0,8.0,4.0,0.0,1.0,2.0,8.0,3.0,5.0,0.0,3.0,0.0,0.0,0.0,10.0,0.0,1.0,0.0,18.0,17.0,0.0,10.0,2.0,2.0,2.0,2.0,1.0,1.0,15.0,5.0,25.0,25.0,1.375,2.0,5.0,25.0,0.5,0.0,0.06,2548.0,178.0,0.0,0,0,0,0,1,0,0,0,0,0,0,0,0,0,0,0,0,0,0,bit_series.c,-simplifycfg,0.0016534690003027208,0.008418059995165095,3.3652395864515306e-06,50,50,178.0,,estimated,-0.16101821729589208
2.0,0.0,0.0,1.0,10.0,50.0,13.0,8.0,4.0,0.0,1.0,2.0,8.0,3.0,5.0,0.0,3.0,0.0,0.0,0.0,10.0,0.0,1.0,0.0,18.0,17.0,0.0,10.0,2.0,2.0,2.0,2.0,1.0,1.0,15.0,5.0,25.0,25.0,1.375,2.0,5.0,25.0,0.5,0.0,0.06,2548.0,178.0,0.0,0,1,0,0,0,0,0,1,0,0,0,1,0,1,0,0,0,0,0,bit_series.c,-sccp|-dce|-loop-unroll|-lcssa,0.00333125599718187,0.008418059995165095,3.3412427422961732e-06,50,50,178.0,,estimated,-0.23863159453110844
2.0,0.0,0.0,1.0,10.0,50.0,13.0,8.0,4.0,0.0,1.0,2.0,8.0,3.0,5.0,0.0,3.0,0.0,0.0,0.0,10.0,0.0,1.0,0.0,18.0,17.0,0.0,10.0,2.0,2.0,2.0,2.0,1.0,1.0,15.0,5.0,25.0,25.0,1.375,2.0,5.0,25.0,0.5,0.0,0.06,2548.0,178.0,0.0,1,0,0,0,0,0,0,0,1,0,1,1,0,0,0,1,0,1,0,bit_series.c,-sroa|-adce|-lcsr|-loop-unroll|-sinking|-constmerge,0.004918851002003066,0.008418059995165095,3.377992484308919e-06,50,30,93.0,,estimated,-0.3481958641731699
2.0,0.0,0.0,1.0,10.0,50.0,13.0,8.0,4.0,0.0,1.0,2.0,8.0,3.0,5.0,0.0,3.0,0.0,0.0,0.0,10.0,0.0,1.0,0.0,18.0,17.0,0.0,10.0,2.0,2.0,2.0,2.0,1.0,1.0,15.0,5.0,25.0,25.0,1.375,2.0,5.0,25.0,0.5,0.0,0.06,2548.0,178.0,0.0,0,0,0,0,0,0,0,0,0,0,1,0,0,0,0,0,0,0,0,bit_series.c,-lcsr,0.0017538729953230359,0.008418059995165095,3.4992956028686984e-06,50,50,178.0,,estimated,-0.23880414677239473
2.0,0.0,0.0,1.0,10.0,50.0,13.0,8.0,4.0,0.0,1.0,2.0,8.0,3.0,5.0,0.0,3.0,0.0,0.0,0.0,10.0,0.0,1.0,0.0,18.0,17.0,0.0,10.0,2.0,2.0,2.0,2.0,1.0,1.0,15.0,5.0,25.0,25.0,1.375,2.0,5.0,25.0,0.5,0.0,0.06,2548.0,178.0,0.0,0,1,0,0,1,1,0,0,0,1,0,0,0,1,0,0,0,0,0,bit_series.c,-sccp|-simplifycfg|-gvn|-reassociate|-lcssa,0.004125430001295172,0.008418059995165095,4.194278770944837e-06,50,42,135.0,,estimated,-0.8029140982399094
2.0,0.0,0.0,1.0,10.0,50.0,13.0,8.0,4.0,0.0,1.0,2.0,8.0,3.0,5.0,0.0,3.0,0.0,0.0,0.0,10.0,0.0,1.0,0.0,18.0,17.0,0.0,10.0,2.0,2.0,2.0,2.0,1.0,1.0,15.0,5.0,25.0,25.0,1.375,2.0,5.0,25.0,0.5,0.0,0.06,2548.0,178.0,0.0,0,0,0,0,1,0,0,0,0,0,0,1,0,0,0,0,0,0,0,bit_series.c,-simplifycfg|-loop-unroll,0.0026986319935531355,0.008418059995165095,3.3963905128201702e-06,50,50,178.0,,estimated,-0.234184464583837
2.0,0.0,0.0,1.0,13.0,55.0,14.0,10.0,5.0,0.0,1.0,2.0,11.0,4.0,7.0,0.0,4.0,0.0,0.0,0.0,7.0,0.0,1.0,0.0,19.0,18.0,0.0,13.0,2.0,2.0,2.0,2.0,1.0,1.0,8.0,4.230769230769231,30.0,27.5,1.3636363636363635,2.0,6.0,29.0,0.5272727272727272,0.0,0.07272727272727272,2939.0,179.0,0.0,0,0,0,0,0,0,0,0,0,0,0,0,0,0,0,0,0,0,0,collatz_steps.c,(none),0.001046855999447871,0.006104138999944553,0.00012502993340604007,55,55,179.0,,estimated,0.0
2.0,0.0,0.0,1.0,13.0,55.0,14.0,10.0,5.0,0.0,1.0,2.0,11.0,4.0,7.0,0.0,4.0,0.0,0.0,0.0,7.0,0.0,1.0,0.0,19.0,18.0,0.0,13.0,2.0,2.0,2.0,2.0,1.0,1.0,8.0,4.230769230769231,30.0,27.5,1.3636363636363635,2.0,6.0,29.0,0.5272727272727272,0.0,0.07272727272727272,2939.0,179.0,0.0,1,1,1,0,1,1,0,1,0,0,0,0,0,0,0,0,0,0,0,collatz_steps.c,-sroa|-sccp|-instcombine|-simplifycfg|-gvn|-dce,0.0053994280024198815,0.006104138999944553,4.9391894687065165e-05,55,27,49.0,,estimated,0.838442364152362
2.0,0.0,0.0,1.0,13.0,55.0,14.0,10.0,5.0,0.0,1.0,2.0,11.0,4.0,7.0,0.0,4.0,0.0,0.0,0.0,7.0,0.0,1.0,0.0,19.0,18.0,0.0,13.0,2.0,2.0,2.0,2.0,1.0,1.0,8.0,4.230769230769231,30.0,27.5,1.3636363636363635,2.0,6.0,29.0,0.5272727272727272,0.0,0.07272727272727272,2939.0,179.0,0.0,1,1,1,0,1,1,1,1,1,1,1,0,1,1,1,0,0,0,0,collatz_steps.c,-sroa|-sccp|-instcombine|-simplifycfg|-gvn|-dce|-adce|-dse|-reassociate|-lcsr|-loop-rotate|-lcssa|-tailcallelim,0.00822630000038771,0.006104138999944553,4.860022490902338e-05,55,31,53.0,,estimated,0.841679892107247
2.0,0.0,0.0,1.0,13.0,55.0,14.0,10.0,5.0,0.0,1.0,2.0,11.0,4.0,7.0,0.0,4.0,0.0,0.0,0.0,7.0,0.0,1.0,0.0,19.0,18.0,0.0,13.0,2.0,2.0,2.0,2.0,1.0,1.0,8.0,4.230769230769231,30.0,27.5,1.3636363636363635,2.0,6.0,29.0,0.5272727272727272,0.0,0.07272727272727272,2939.0,179.0,0.0,1,1,1,1,1,1,1,1,1,1,1,1,1,1,1,1,1,1,1,collatz_steps.c,-sroa|-sccp|-instcombine|-simplifycfg|-gvn|-dce|-adce|-dse|-reassociate|-lcsr|-loop-rotate|-lcssa|-tailcallelim|-aggressive-instcombine|-loop-unroll|-ipsccp|-sinking|-globalopt|-constmerge,0.011273009004071355,0.006104138999944553,4.979192304651802e-05,55,31,53.0,,estimated,0.8320683702642512
2.0,0.0,0.0,1.0,13.0,55.0,14.0,10.0,5.0,0.0,1.0,2.0,11.0,4.0,7.0,0.0,4.0,0.0,0.0,0.0,7.0,0.0,1.0,0.0,19.0,18.0,0.0,13.0,2.0,2.0,2.0,2.0,1.0,1.0,8.0,4.230769230769231,30.0,27.5,1.3636363636363635,2.0,6.0,29.0,0.5272727272727272,0.0,0.07272727272727272,2939.0,179.0,0.0,1,0,0,0,1,0,0,0,0,0,0,0,0,0,0,0,0,0,0,collatz_steps.c,-sroa|-simplifycfg,0.0022113119994173758,0.006104138999944553,7.696330430917442e-05,55,34,93.0,,estimated,0.6172457592586843
2.0,0.0,0.0,1.0,13.0,55.0,14.0,10.0,5.0,0.0,1.0,2.0,11.0,4.0,7.0,0.0,4.0,0.0,0.0,0.0,7.0,0.0,1.0,0.0,19.0,18.0,0.0,13.0,2.0,2.0,2.0,2.0,1.0,1.0,8.0,4.230769230769231,30.0,27.5,1.3636363636363635,2.0,6.0,29.0,0.5272727272727272,0.0,0.07272727272727272,2939.0,179.0,0.0,1,1,0,0,1,1,1,0,0,0,0,0,0,0,0,0,0,0,0,collatz_steps.c,-sroa|-sccp|-simplifycfg|-gvn|-dse,0.0041958329966291785,0.006104138999944553,7.786073926937483e-05,55,31,70.0,,estimated,0.6063861758082283
2.0,0.0,0.0,1.0,13.0,55.0,14.0,10.0,5.0,0.0,1.0,2.0,11.0,4.0,7.0,0.0,4.0,0.0,0.0,0.0,7.0,0.0,1.0,0.0,19.0,18.0,0.0,13.0,2.0,2.0,2.0,2.0,1.0,1.0,8.0,4.230769230769231,30.0,27.5,1.3636363636363635,2.0,6.0,29.0,0.5272727272727272,0.0,0.07272727272727272,2939.0,179.0,0.0,0,0,0,0,0,0,0,0,0,0,1,1,1,0,0,0,0,0,0,collatz_steps.c,-loop-rotate|-loop-unroll|-lcsr,0.0034720530020422302,0.006104138999944553,0.00011948414300734709,55,61,193.0,,estimated,0.08257087229985224
2.0,0.0,0.0,1.0,13.0,55.0,14.0,10.0,5.0,0.0,1.0,2.0,11.0,4.0,7.0,0.0,4.0,0.0,0.0,0.0,7.0,0.0,1.0,0.0,19.0,18.0,0.0,13.0,2.0,2.0,2.0,2.0,1.0,1.0,8.0,4.230769230769231,30.0,27.5,1.3636363636363635,2.0,6.0,29.0,0.5272727272727272,0.0,0.07272727272727272,2939.0,179.0,0.0,0,1,0,0,0,0,0,0,0,1,0,0,0,0,0,0,0,0,0,collatz_steps.c,-sccp|-reassociate,0.0020709970049210824,0.006104138999944553,0.00011809681245722459,55,55,179.0,,estimated,0.10569289726628671
2.0,0.0,0.0,1.0,13.0,55.0,14.0,10.0,5.0,0.0,1.0,2.0,11.0,4.0,7.0,0.0,4.0,0.0,0.0,0.0,7.0,0.0,1.0,0.0,19.0,18.0,0.0,13.0,2.0,2.0,2.0,2.0,1.0,1.0,8.0,4.230769230769231,30.0,27.5,1.3636363636363635,2.0,6.0,29.0,0.5272727272727272,0.0,0.07272727272727272,2939.0,179.0,0.0,0,0,0,0,1,0,1,0,1,0,0,0,0,0,0,0,1,0,0,collatz_steps.c,-simplifycfg|-dse|-adce|-ipsccp,0.0033887449972098693,0.006104138999944553,0.00011953281273235916,55,55,179.0,,estimated,0.08195622998427857
2.0,0.0,0.0,1.0,13.0,55.0,14.0,10.0,5.0,0.0,1.0,2.0,11.0,4.0,7.0,0.0,4.0,0.0,0.0,0.0,7.0,0.0,1.0,0.0,19.0,18.0,0.0,13.0,2.0,2.0,2.0,2.0,1.0,1.0,8.0,4.230769230769231,30.0,27.5,1.3636363636363635,2.0,6.0,29.0,0.5272727272727272,0.0,0.07272727272727272,2939.0,179.0,0.0,0,0,0,0,1,0,1,0,0,0,0,1,1,0,0,0,0,0,0,collatz_steps.c,-simplifycfg|-dse|-loop-unroll|-loop-rotate,0.003971006997744553,0.006104138999944553,0.00011943866653988759,55,61,193.0,,estimated,0.08250355127551966
2.0,0.0,0.0,1.0,13.0,55.0,14.0,10.0,5.0,0.0,1.0,2.0,11.0,4.0,7.0,0.0,4.0,0.0,0.0,0.0,7.0,0.0,1.0,0.0,19.0,18.0,0.0,13.0,2.0,2.0,2.0,2.0,1.0,1.0,8.0,4.230769230769231,30.0,27.5,1.3636363636363635,2.0,6.0,29.0,0.5272727272727272,0.0,0.07272727272727272,2939.0,179.0,0.0,0,0,0,1,0,0,0,1,0,0,0,0,0,0,0,0,0,0,0,collatz_steps.c,-aggressive-instcombine|-dce,0.0020450250012800097,0.006104138999944553,0.0001170812000054866,55,55,179.0,,estimated,0.12094242454388861
2.0,0.0,0.0,1.0,13.0,55.0,14.0,10.0,5.0,0.0,1.0,2.0,11.0,4.0,7.0,0.0,4.0,0.0,0.0,0.0,7.0,0.0,1.0,0.0,19.0,18.0,0.0,13.0,2.0,2.0,2.0,2.0,1.0,1.0,8.0,4.230769230769231,30.0,27.5,1.3636363636363635,2.0,6.0,29.0,0.5272727272727272,0.0,0.07272727272727272,2939.0,179.0,0.0,0,0,0,0,0,0,0,0,1,0,0,0,1,0,0,0,0,0,0,collatz_steps.c,-adce|-loop-rotate,0.002297216997249052,0.006104138999944553,0.00011921893310500309,55,61,193.0,,estimated,0.0883917167320763
2.0,0.0,0.0,1.0,13.0,55.0,14.0,10.0,5.0,0.0,1.0,2.0,11.0,4.0,7.0,0.0,4.0,0.0,0.0,0.0,7.0,0.0,1.0,0.0,19.0,18.0,0.0,13.0,2.0,2.0,2.0,2.0,1.0,1.0,8.0,4.230769230769231,30.0,27.5,1.3636363636363635,2.0,6.0,29.0,0.5272727272727272,0.0,0.07272727272727272,2939.0,179.0,0.0,0,0,0,0,1,0,1,1,0,0,0,0,0,0,0,0,0,0,0,collatz_steps.c,-simplifycfg|-dse|-dce,0.0027002159986295737,0.006104138999944553,0.00011703587460942799,55,55,179.0,,estimated,0.12064126197804415
2.0,0.0,0.0,1.0,13.0,55.0,14.0,10.0,5.0,0.0,1.0,2.0,11.0,4.0,7.0,0.0,4.0,0.0,0.0,0.0,7.0,0.0,1.0,0.0,19.0,18.0,0.0,13.0,2.0,2.0,2.0,2.0,1.0,1.0,8.0,4.230769230769231,30.0,27.5,1.3636363636363635,2.0,6.0,29.0,0.5272727272727272,0.0,0.07272727272727272,2939.0,179.0,0.0,0,0,0,0,1,0,0,0,0,0,0,0,0,0,0,0,0,0,0,collatz_steps.c,-simplifycfg,0.0016821669996716082,0.006104138999944553,0.00011982073338003829,55,55,179.0,,estimated,0.08016833262907097
2.0,0.0,0.0,1.0,13.0,55.0,14.0,10.0,5.0,0.0,1.0,2.0,11.0,4.0,7.0,0.0,4.0,0.0,0.0,0.0,7.0,0.0,1.0,0.0,19.0,18.0,0.0,13.0,2.0,2.0,2.0,2.0,1.0,1.0,8.0,4.230769230769231,30.0,27.5,1.3636363636363635,2.0,6.0,29.0,0.5272727272727272,0.0,0.07272727272727272,2939.0,179.0,0.0,0,1,0,0,0,0,0,1,0,0,0,1,0,1,0,0,0,0,0,collatz_steps.c,-sccp|-dce|-loop-unroll|-lcssa,0.0031996899997466244,0.006104138999944553,0.00011769771403383597,55,55,179.0,,estimated,0.10999294548536867
2.0,0.0,0.0,1.0,13.0,55.0,14.0,10.0,5.0,0.0,1.0,2.0,11.0,4.0,7.0,0.0,4.0,0.0,0.0,0.0,7.0,0.0,1.0,0.0,19.0,18.0,0.0,13.0,2.0,2.0,2.0,2.0,1.0,1.0,8.0,4.230769230769231,30.0,27.5,1.3636363636363635,2.0,6.0,29.0,0.5272727272727272,0.0,0.07272727272727272,2939.0,179.0,0.0,1,0,0,0,0,0,0,0,1,0,1,1,0,0,0,1,0,1,0,collatz_steps.c,-sroa|-adce|-lcsr|-loop-unroll|-sinking|-constmerge,0.004739950003568083,0.006104138999944553,7.840013068230094e-05,55,38,99.0,,estimated,0.6004384878199829
2.0,0.0,0.0,1.0,13.0,55.0,14.0,10.0,5.0,0.0,1.0,2.0,11.0,4.0,7.0,0.0,4.0,0.0,0.0,0.0,7.0,0.0,1.0,0.0,19.0,18.0,0.0,13.0,2.0,2.0,2.0,2.0,1.0,1.0,8.0,4.230769230769231,30.0,27.5,1.3636363636363635,2.0,6.0,29.0,0.5272727272727272,0.0,0.07272727272727272,2939.0,179.0,0.0,0,0,0,0,0,0,0,0,0,0,1,0,0,0,0,0,0,0,0,collatz_steps.c,-lcsr,0.0016653539933031425,0.006104138999944553,0.00011894350018337718,55,55,179.0,,estimated,0.0935267352376627
2.0,0.0,0.0,1.0,13.0,55.0,14.0,10.0,5.0,0.0,1.0,2.0,11.0,4.0,7.0,0.0,4.0,0.0,0.0,0.0,7.0,0.0,1.0,0.0,19.0,18.0,0.0,13.0,2.0,2.0,2.0,2.0,1.0,1.0,8.0,4.230769230769231,30.0,27.5,1.3636363636363635,2.0,6.0,29.0,0.5272727272727272,0.0,0.07272727272727272,2939.0,179.0,0.0,0,1,0,0,1,1,0,0,0,1,0,0,0,1,0,0,0,0,0,collatz_steps.c,-sccp|-simplifycfg|-gvn|-reassociate|-lcssa,0.0037807610060553998,0.006104138999944553,0.0001726968002913054,55,46,132.0,,estimated,-0.9078507626181154
2.0,0.0,0.0,1.0,13.0,55.0,14.0,10.0,5.0,0.0,1.0,2.0,11.0,4.0,7.0,0.0,4.0,0.0,0.0,0.0,7.0,0.0,1.0,0.0,19.0,18.0,0.0,13.0,2.0,2.0,2.0,2.0,1.0,1.0,8.0,4.230769230769231,30.0,27.5,1.3636363636363635,2.0,6.0,29.0,0.5272727272727272,0.0,0.07272727272727272,2939.0,179.0,0.0,0,0,0,0,1,0,0,0,0,0,0,1,0,0,0,0,0,0,0,collatz_steps.c,-simplifycfg|-loop-unroll,0.0025740490018506534,0.006104138999944553,0.0001213224667784137,55,55,179.0,,estimated,0.055739806307878975
2.0,0.0,0.0,1.0,7.0,42.0,9.0,11.0,8.0,0.0,1.0,2.0,5.0,2.0,3.0,0.0,1.0,1.0,0.0,0.0,3.0,1.0,0.0,0.0,20.0,16.0,3.0,7.0,2.0,2.0,1.0,1.0,1.0,1.0,13.0,6.0,29.0,21.0,1.4,2.0,4.0,28.0,0.6666666666666666,0.047619047619047616,0.047619047619047616,2035.0,122.0,1.0,0,0,0,0,0,0,0,0,0,0,0,0,0,0,0,0,0,0,0,const_fold.c,(none),0.0008047950032050721,0.005633846994896885,2.232657039213576e-07,42,42,122.0,,estimated,0.0
2.0,0.0,0.0,1.0,7.0,42.0,9.0,11.0,8.0,0.0,1.0,2.0,5.0,2.0,3.0,0.0,1.0,1.0,0.0,0.0,3.0,1.0,0.0,0.0,20.0,16.0,3.0,7.0,2.0,2.0,1.0,1.0,1.0,1.0,13.0,6.0,29.0,21.0,1.4,2.0,4.0,28.0,0.6666666666666666,0.047619047619047616,0.047619047619047616,2035.0,122.0,1.0,1,1,1,0,1,1,0,1,0,0,0,0,0,0,0,0,0,0,0,const_fold.c,-sroa|-sccp|-instcombine|-simplifycfg|-gvn|-dce,0.0039134010003181174,0.005633846994896885,2.1548027895054784e-07,42,14,32.0,,estimated,-0.8211915645397183
2.0,0.0,0.0,1.0,7.0,42.0,9.0,11.0,8.0,0.0,1.0,2.0,5.0,2.0,3.0,0.0,1.0,1.0,0.0,0.0,3.0,1.0,0.0,0.0,20.0,16.0,3.0,7.0,2.0,2.0,1.0,1.0,1.0,1.0,13.0,6.0,29.0,21.0,1.4,2.0,4.0,28.0,0.6666666666666666,0.047619047619047616,0.047619047619047616,2035.0,122.0,1.0,1,1,1,0,1,1,1,1,1,1,1,0,1,1,1,0,0,0,0,const_fold.c,-sroa|-sccp|-instcombine|-simplifycfg|-gvn|-dce|-adce|-dse|-reassociate|-lcsr|-loop-rotate|-lcssa|-tailcallelim,0.0068718219990842044,0.005633846994896885,2.202627526622753e-07,42,12,29.0,,estimated,-1.8771097342478869
2.0,0.0,0.0,1.0,7.0,42.0,9.0,11.0,8.0,0.0,1.0,2.0,5.0,2.0,3.0,0.0,1.0,1.0,0.0,0.0,3.0,1.0,0.0,0.0,20.0,16.0,3.0,7.0,2.0,2.0,1.0,1.0,1.0,1.0,13.0,6.0,29.0,21.0,1.4,2.0,4.0,28.0,0.6666666666666666,0.047619047619047616,0.047619047619047616,2035.0,122.0,1.0,1,1,1,1,1,1,1,1,1,1,1,1,1,1,1,1,1,1,1,const_fold.c,-sroa|-sccp|-instcombine|-simplifycfg|-gvn|-dce|-adce|-dse|-reassociate|-lcsr|-loop-rotate|-lcssa|-tailcallelim|-aggressive-instcombine|-loop-unroll|-ipsccp|-sinking|-globalopt|-constmerge,0.00933339199400507,0.005633846994896885,2.1569238919136711e-07,42,8,20.0,,estimated,-2.899872180773492
2.0,0.0,0.0,1.0,7.0,42.0,9.0,11.0,8.0,0.0,1.0,2.0,5.0,2.0,3.0,0.0,1.0,1.0,0.0,0.0,3.0,1.0,0.0,0.0,20.0,16.0,3.0,7.0,2.0,2.0,1.0,1.0,1.0,1.0,13.0,6.0,29.0,21.0,1.4,2.0,4.0,28.0,0.6666666666666666,0.047619047619047616,0.047619047619047616,2035.0,122.0,1.0,1,0,0,0,1,0,0,0,0,0,0,0,0,0,0,0,0,0,0,const_fold.c,-sroa|-simplifycfg,0.001889058003143873,0.005633846994896885,2.132964292059196e-07,42,15,33.0,,estimated,-0.23997928320012002
2.0,0.0,0.0,1.0,7.0,42.0,9.0,11.0,8.0,0.0,1.0,2.0,5.0,2.0,3.0,0.0,1.0,1.0,0.0,0.0,3.0,1.0,0.0,0.0,20.0,16.0,3.0,7.0,2.0,2.0,1.0,1.0,1.0,1.0,13.0,6.0,29.0,21.0,1.4,2.0,4.0,28.0,0.6666666666666666,0.047619047619047616,0.047619047619047616,2035.0,122.0,1.0,1,1,0,0,1,1,1,0,0,0,0,0,0,0,0,0,0,0,0,const_fold.c,-sroa|-sccp|-simplifycfg|-gvn|-dse,0.0037255790011840872,0.005633846994896885,2.1894186478911796e-07,42,14,32.0,,estimated,-0.7738167493519283
2.0,0.0,0.0,1.0,7.0,42.0,9.0,11.0,8.0,0.0,1.0,2.0,5.0,2.0,3.0,0.0,1.0,1.0,0.0,0.0,3.0,1.0,0.0,0.0,20.0,16.0,3.0,7.0,2.0,2.0,1.0,1.0,1.0,1.0,13.0,6.0,29.0,21.0,1.4,2.0,4.0,28.0,0.6666666666666666,0.047619047619047616,0.047619047619047616,2035.0,122.0,1.0,0,0,0,0,0,0,0,0,0,0,1,1,1,0,0,0,0,0,0,const_fold.c,-loop-rotate|-loop-unroll|-lcsr,0.002897646998462733,0.005633846994896885,2.1946795256107923e-07,42,45,130.0,,estimated,-0.5301052654234402
2.0,0.0,0.0,1.0,7.0,42.0,9.0,11.0,8.0,0.0,1.0,2.0,5.0,2.0,3.0,0.0,1.0,1.0,0.0,0.0,3.0,1.0,0.0,0.0,20.0,16.0,3.0,7.0,2.0,2.0,1.0,1.0,1.0,1.0,13.0,6.0,29.0,21.0,1.4,2.0,4.0,28.0,0.6666666666666666,0.047619047619047616,0.047619047619047616,2035.0,122.0,1.0,0,1,0,0,0,0,0,0,0,1,0,0,0,0,0,0,0,0,0,const_fold.c,-sccp|-reassociate,0.0020028290018672124,0.005633846994896885,2.273725767337276e-07,42,42,122.0,,estimated,-0.3062135811443425
2.0,0.0,0.0,1.0,7.0,42.0,9.0,11.0,8.0,0.0,1.0,2.0,5.0,2.0,3.0,0.0,1.0,1.0,0.0,0.0,3.0,1.0,0.0,0.0,20.0,16.0,3.0,7.0,2.0,2.0,1.0,1.0,1.0,1.0,13.0,6.0,29.0,21.0,1.4,2.0,4.0,28.0,0.6666666666666666,0.047619047619047616,0.047619047619047616,2035.0,122.0,1.0,0,0,0,0,1,0,1,0,1,0,0,0,0,0,0,0,1,0,0,const_fold.c,-simplifycfg|-dse|-adce|-ipsccp,0.0034065310028381646,0.005633846994896885,2.437275202344717e-07,42,38,112.0,,estimated,-0.7520151996962504
2.0,0.0,0.0,1.0,7.0,42.0,9.0,11.0,8.0,0.0,1.0,2.0,5.0,2.0,3.0,0.0,1.0,1.0,0.0,0.0,3.0,1.0,0.0,0.0,20.0,16.0,3.0,7.0,2.0,2.0,1.0,1.0,1.0,1.0,13.0,6.0,29.0,21.0,1.4,2.0,4.0,28.0,0.6666666666666666,0.047619047619047616,0.047619047619047616,2035.0,122.0,1.0,0,0,0,0,1,0,1,0,0,0,0,1,1,0,0,0,0,0,0,const_fold.c,-simplifycfg|-dse|-loop-unroll|-loop-rotate,0.0041709630022523925,0.005633846994896885,2.483431683160561e-07,42,41,120.0,,estimated,-1.0082194158205056
2.0,0.0,0.0,1.0,7.0,42.0,9.0,11.0,8.0,0.0,1.0,2.0,5.0,2.0,3.0,0.0,1.0,1.0,0.0,0.0,3.0,1.0,0.0,0.0,20.0,16.0,3.0,7.0,2.0,2.0,1.0,1.0,1.0,1.0,13.0,6.0,29.0,21.0,1.4,2.0,4.0,28.0,0.6666666666666666,0.047619047619047616,0.047619047619047616,2035.0,122.0,1.0,0,0,0,1,0,0,0,1,0,0,0,0,0,0,0,0,0,0,0,const_fold.c,-aggressive-instcombine|-dce,0.002004451998800505,0.005633846994896885,2.3544376705241152e-07,42,42,122.0,,estimated,-0.3280075938406558
2.0,0.0,0.0,1.0,7.0,42.0,9.0,11.0,8.0,0.0,1.0,2.0,5.0,2.0,3.0,0.0,1.0,1.0,0.0,0.0,3.0,1.0,0.0,0.0,20.0,16.0,3.0,7.0,2.0,2.0,1.0,1.0,1.0,1.0,13.0,6.0,29.0,21.0,1.4,2.0,4.0,28.0,0.6666666666666666,0.047619047619047616,0.047619047619047616,2035.0,122.0,1.0,0,0,0,0,0,0,0,0,1,0,0,0,1,0,0,0,0,0,0,const_fold.c,-adce|-loop-rotate,0.0020678710061474703,0.005633846994896885,2.2699217281140628e-07,42,45,130.0,,estimated,-0.322406062267426
2.0,0.0,0.0,1.0,7.0,42.0,9.0,11.0,8.0,0.0,1.0,2.0,5.0,2.0,3.0,0.0,1.0,1.0,0.0,0.0,3.0,1.0,0.0,0.0,20.0,16.0,3.0,7.0,2.0,2.0,1.0,1.0,1.0,1.0,13.0,6.0,29.0,21.0,1.4,2.0,4.0,28.0,0.6666666666666666,0.047619047619047616,0.047619047619047616,2035.0,122.0,1.0,0,0,0,0,1,0,1,1,0,0,0,0,0,0,0,0,0,0,0,const_fold.c,-simplifycfg|-dse|-dce,0.002563808004197199,0.005633846994896885,2.271365573665175e-07,42,38,112.0,,estimated,-0.4576181904461219
2.0,0.0,0.0,1.0,7.0,42.0,9.0,11.0,8.0,0.0,1.0,2.0,5.0,2.0,3.0,0.0,1.0,1.0,0.0,0.0,3.0,1.0,0.0,0.0,20.0,16.0,3.0,7.0,2.0,2.0,1.0,1.0,1.0,1.0,13.0,6.0,29.0,21.0,1.4,2.0,4.0,28.0,0.6666666666666666,0.047619047619047616,0.047619047619047616,2035.0,122.0,1.0,0,0,0,0,1,0,0,0,0,0,0,0,0,0,0,0,0,0,0,const_fold.c,-simplifycfg,0.0014526810045936145,0.005633846994896885,2.2437712865457127e-07,42,42,122.0,,estimated,-0.15777141419750593
2.0,0.0,0.0,1.0,7.0,42.0,9.0,11.0,8.0,0.0,1.0,2.0,5.0,2.0,3.0,0.0,1.0,1.0,0.0,0.0,3.0,1.0,0.0,0.0,20.0,16.0,3.0,7.0,2.0,2.0,1.0,1.0,1.0,1.0,13.0,6.0,29.0,21.0,1.4,2.0,4.0,28.0,0.6666666666666666,0.047619047619047616,0.047619047619047616,2035.0,122.0,1.0,0,1,0,0,0,0,0,1,0,0,0,1,0,1,0,0,0,0,0,const_fold.c,-sccp|-dce|-loop-unroll|-lcssa,0.00270607799757272,0.005633846994896885,2.1571078626319792e-07,42,42,122.0,,estimated,-0.4654290145214262
2.0,0.0,0.0,1.0,7.0,42.0,9.0,11.0,8.0,0.0,1.0,2.0,5.0,2.0,3.0,0.0,1.0,1.0,0.0,0.0,3.0,1.0,0.0,0.0,20.0,16.0,3.0,7.0,2.0,2.0,1.0,1.0,1.0,1.0,13.0,6.0,29.0,21.0,1.4,2.0,4.0,28.0,0.6666666666666666,0.047619047619047616,0.047619047619047616,2035.0,122.0,1.0,1,0,0,0,0,0,0,0,1,0,1,1,0,0,0,1,0,1,0,const_fold.c,-sroa|-adce|-lcsr|-loop-unroll|-sinking|-constmerge,0.0036566290000337176,0.005633846994896885,2.1191984913189935e-07,42,14,30.0,,estimated,-0.731323331469849
2.0,0.0,0.0,1.0,7.0,42.0,9.0,11.0,8.0,0.0,1.0,2.0,5.0,2.0,3.0,0.0,1.0,1.0,0.0,0.0,3.0,1.0,0.0,0.0,20.0,16.0,3.0,7.0,2.0,2.0,1.0,1.0,1.0,1.0,13.0,6.0,29.0,21.0,1.4,2.0,4.0,28.0,0.6666666666666666,0.047619047619047616,0.047619047619047616,2035.0,122.0,1.0,0,0,0,0,0,0,0,0,0,0,1,0,0,0,0,0,0,0,0,const_fold.c,-lcsr,0.0014471699978457764,0.005633846994896885,2.191066065100872e-07,42,42,122.0,,estimated,-0.14336870129863663
2.0,0.0,0.0,1.0,7.0,42.0,9.0,11.0,8.0,0.0,1.0,2.0,5.0,2.0,3.0,0.0,1.0,1.0,0.0,0.0,3.0,1.0,0.0,0.0,20.0,16.0,3.0,7.0,2.0,2.0,1.0,1.0,1.0,1.0,13.0,6.0,29.0,21.0,1.4,2.0,4.0,28.0,0.6666666666666666,0.047619047619047616,0.047619047619047616,2035.0,122.0,1.0,0,1,0,0,1,1,0,0,0,1,0,0,0,1,0,0,0,0,0,const_fold.c,-sccp|-simplifycfg|-gvn|-reassociate|-lcssa,0.003274332993896678,0.005633846994896885,2.2341188635247802e-07,42,35,97.0,,estimated,-0.6511300380477484
2.0,0.0,0.0,1.0,7.0,42.0,9.0,11.0,8.0,0.0,1.0,2.0,5.0,2.0,3.0,0.0,1.0,1.0,0.0,0.0,3.0,1.0,0.0,0.0,20.0,16.0,3.0,7.0,2.0,2.0,1.0,1.0,1.0,1.0,13.0,6.0,29.0,21.0,1.4,2.0,4.0,28.0,0.6666666666666666,0.047619047619047616,0.047619047619047616,2035.0,122.0,1.0,0,0,0,0,1,0,0,0,0,0,0,1,0,0,0,0,0,0,0,const_fold.c,-simplifycfg|-loop-unroll,0.0022321040014503524,0.005633846994896885,2.2330138238975102e-07,42,42,122.0,,estimated,-0.35639253724941694
2.0,0.0,0.0,1.0,5.0,30.0,8.0,8.0,5.0,0.0,1.0,2.0,3.0,1.0,2.0,0.0,1.0,0.0,0.0,0.0,2.0,0.0,0.0,0.0,11.0,10.0,0.0,5.0,2.0,2.0,1.0,1.0,1.0,0.0,13.0,6.0,28.0,15.0,1.3333333333333333,2.0,3.0,21.0,0.7,0.0,0.03333333333333333,1442.0,92.0,0.0,0,0,0,0,0,0,0,0,0,0,0,0,0,0,0,0,0,0,0,fib_iter.c,(none),0.0006667440029559657,0.004081212995515671,3.4968021410545685e-07,30,30,92.0,,estimated,0.0
2.0,0.0,0.0,1.0,5.0,30.0,8.0,8.0,5.0,0.0,1.0,2.0,3.0,1.0,2.0,0.0,1.0,0.0,0.0,0.0,2.0,0.0,0.0,0.0,11.0,10.0,0.0,5.0,2.0,2.0,1.0,1.0,1.0,0.0,13.0,6.0,28.0,15.0,1.3333333333333333,2.0,3.0,21.0,0.7,0.0,0.03333333333333333,1442.0,92.0,0.0,1,1,1,0,1,1,0,1,0,0,0,0,0,0,0,0,0,0,0,fib_iter.c,-sroa|-sccp|-instcombine|-simplifycfg|-gvn|-dce,0.0038132270055939443,0.004081212995515671,2.6178807073672004e-07,30,12,26.0,,estimated,-0.6257031905174028
2.0,0.0,0.0,1.0,5.0,30.0,8.0,8.0,5.0,0.0,1.0,2.0,3.0,1.0,2.0,0.0,1.0,0.0,0.0,0.0,2.0,0.0,0.0,0.0,11.0,10.0,0.0,5.0,2.0,2.0,1.0,1.0,1.0,0.0,13.0,6.0,28.0,15.0,1.3333333333333333,2.0,3.0,21.0,0.7,0.0,0.03333333333333333,1442.0,92.0,0.0,1,1,1,0,1,1,1,1,1,1,1,0,1,1,1,0,0,0,0,fib_iter.c,-sroa|-sccp|-instcombine|-simplifycfg|-gvn|-dce|-adce|-dse|-reassociate|-lcsr|-loop-rotate|-lcssa|-tailcallelim,0.007287706001079641,0.004081212995515671,2.693942161016464e-07,30,16,31.0,,estimated,-1.9093195975388328
2.0,0.0,0.0,1.0,5.0,30.0,8.0,8.0,5.0,0.0,1.0,2.0,3.0,1.0,2.0,0.0,1.0,0.0,0.0,0.0,2.0,0.0,0.0,0.0,11.0,10.0,0.0,5.0,2.0,2.0,1.0,1.0,1.0,0.0,13.0,6.0,28.0,15.0,1.3333333333333333,2.0,3.0,21.0,0.7,0.0,0.03333333333333333,1442.0,92.0,0.0,1,1,1,1,1,1,1,1,1,1,1,1,1,1,1,1,1,1,1,fib_iter.c,-sroa|-sccp|-instcombine|-simplifycfg|-gvn|-dce|-adce|-dse|-reassociate|-lcsr|-loop-rotate|-lcssa|-tailcallelim|-aggressive-instcombine|-loop-unroll|-ipsccp|-sinking|-globalopt|-constmerge,0.010194141003012192,0.004081212995515671,2.606351195430652e-07,30,16,31.0,,estimated,-3.1925348200015207
2.0,0.0,0.0,1.0,5.0,30.0,8.0,8.0,5.0,0.0,1.0,2.0,3.0,1.0,2.0,0.0,1.0,0.0,0.0,0.0,2.0,0.0,0.0,0.0,11.0,10.0,0.0,5.0,2.0,2.0,1.0,1.0,1.0,0.0,13.0,6.0,28.0,15.0,1.3333333333333333,2.0,3.0,21.0,0.7,0.0,0.03333333333333333,1442.0,92.0,0.0,1,0,0,0,1,0,0,0,0,0,0,0,0,0,0,0,0,0,0,fib_iter.c,-sroa|-simplifycfg,0.0022590999942622148,0.004081212995515671,2.867881925166806e-07,30,15,35.0,,estimated,-0.24736358635475425
2.0,0.0,0.0,1.0,5.0,30.0,8.0,8.0,5.0,0.0,1.0,2.0,3.0,1.0,2.0,0.0,1.0,0.0,0.0,0.0,2.0,0.0,0.0,0.0,11.0,10.0,0.0,5.0,2.0,2.0,1.0,1.0,1.0,0.0,13.0,6.0,28.0,15.0,1.3333333333333333,2.0,3.0,21.0,0.7,0.0,0.03333333333333333,1442.0,92.0,0.0,1,1,0,0,1,1,1,0,0,0,0,0,0,0,0,0,0,0,0,fib_iter.c,-sroa|-sccp|-simplifycfg|-gvn|-dse,0.003875364003761206,0.004081212995515671,3.008652998950336e-07,30,14,31.0,,estimated,-0.7688033231138924
2.0,0.0,0.0,1.0,5.0,30.0,8.0,8.0,5.0,0.0,1.0,2.0,3.0,1.0,2.0,0.0,1.0,0.0,0.0,0.0,2.0,0.0,0.0,0.0,11.0,10.0,0.0,5.0,2.0,2.0,1.0,1.0,1.0,0.0,13.0,6.0,28.0,15.0,1.3333333333333333,2.0,3.0,21.0,0.7,0.0,0.03333333333333333,1442.0,92.0,0.0,0,0,0,0,0,0,0,0,0,0,1,1,1,0,0,0,0,0,0,fib_iter.c,-loop-rotate|-loop-unroll|-lcsr,0.0029447020060615614,0.004081212995515671,3.9975033969043464e-07,30,34,103.0,,estimated,-0.7876258968355626
2.0,0.0,0.0,1.0,5.0,30.0,8.0,8.0,5.0,0.0,1.0,2.0,3.0,1.0,2.0,0.0,1.0,0.0,0.0,0.0,2.0,0.0,0.0,0.0,11.0,10.0,0.0,5.0,2.0,2.0,1.0,1.0,1.0,0.0,13.0,6.0,28.0,15.0,1.3333333333333333,2.0,3.0,21.0,0.7,0.0,0.03333333333333333,1442.0,92.0,0.0,0,1,0,0,0,0,0,0,0,1,0,0,0,0,0,0,0,0,0,fib_iter.c,-sccp|-reassociate,0.0019191989995306358,0.004081212995515671,4.221502989136291e-07,30,30,92.0,,estimated,-0.5371228678234187
2.0,0.0,0.0,1.0,5.0,30.0,8.0,8.0,5.0,0.0,1.0,2.0,3.0,1.0,2.0,0.0,1.0,0.0,0.0,0.0,2.0,0.0,0.0,0.0,11.0,10.0,0.0,5.0,2.0,2.0,1.0,1.0,1.0,0.0,13.0,6.0,28.0,15.0,1.3333333333333333,2.0,3.0,21.0,0.7,0.0,0.03333333333333333,1442.0,92.0,0.0,0,0,0,0,1,0,1,0,1,0,0,0,0,0,0,0,1,0,0,fib_iter.c,-simplifycfg|-dse|-adce|-ipsccp,0.003363402996910736,0.004081212995515671,4.164888671100204e-07,30,30,92.0,,estimated,-0.9827658719678369
2.0,0.0,0.0,1.0,5.0,30.0,8.0,8.0,5.0,0.0,1.0,2.0,3.0,1.0,2.0,0.0,1.0,0.0,0.0,0.0,2.0,0.0,0.0,0.0,11.0,10.0,0.0,5.0,2.0,2.0,1.0,1.0,1.0,0.0,13.0,6.0,28.0,15.0,1.3333333333333333,2.0,3.0,21.0,0.7,0.0,0.03333333333333333,1442.0,92.0,0.0,0,0,0,0,1,0,1,0,0,0,0,1,1,0,0,0,0,0,0,fib_iter.c,-simplifycfg|-dse|-loop-unroll|-loop-rotate,0.003866285005642567,0.004081212995515671,3.950066164971535e-07,30,34,103.0,,estimated,-1.082380872090785
2.0,0.0,0.0,1.0,5.0,30.0,8.0,8.0,5.0,0.0,1.0,2.0,3.0,1.0,2.0,0.0,1.0,0.0,0.0,0.0,2.0,0.0,0.0,0.0,11.0,10.0,0.0,5.0,2.0,2.0,1.0,1.0,1.0,0.0,13.0,6.0,28.0,15.0,1.3333333333333333,2.0,3.0,21.0,0.7,0.0,0.03333333333333333,1442.0,92.0,0.0,0,0,0,1,0,0,0,1,0,0,0,0,0,0,0,0,0,0,0,fib_iter.c,-aggressive-instcombine|-dce,0.0016687210008967668,0.004081212995515671,3.7011819873250235e-07,30,30,92.0,,estimated,-0.31404500618535863
2.0,0.0,0.0,1.0,5.0,30.0,8.0,8.0,5.0,0.0,1.0,2.0,3.0,1.0,2.0,0.0,1.0,0.0,0.0,0.0,2.0,0.0,0.0,0.0,11.0,10.0,0.0,5.0,2.0,2.0,1.0,1.0,1.0,0.0,13.0,6.0,28.0,15.0,1.3333333333333333,2.0,3.0,21.0,0.7,0.0,0.03333333333333333,1442.0,92.0,0.0,0,0,0,0,0,0,0,0,1,0,0,0,1,0,0,0,0,0,0,fib_iter.c,-adce|-loop-rotate,0.0017717189984978177,0.004081212995515671,3.532323024556548e-07,30,34,103.0,,estimated,-0.29579473252563354
2.0,0.0,0.0,1.0,5.0,30.0,8.0,8.0,5.0,0.0,1.0,2.0,3.0,1.0,2.0,0.0,1.0,0.0,0.0,0.0,2.0,0.0,0.0,0.0,11.0,10.0,0.0,5.0,2.0,2.0,1.0,1.0,1.0,0.0,13.0,6.0,28.0,15.0,1.3333333333333333,2.0,3.0,21.0,0.7,0.0,0.03333333333333333,1442.0,92.0,0.0,0,0,0,0,1,0,1,1,0,0,0,0,0,0,0,0,0,0,0,fib_iter.c,-simplifycfg|-dse|-dce,0.0021780449969810434,0.004081212995515671,3.482456066073022e-07,30,30,92.0,,estimated,-0.3960944808558362
2.0,0.0,0.0,1.0,5.0,30.0,8.0,8.0,5.0,0.0,1.0,2.0,3.0,1.0,2.0,0.0,1.0,0.0,0.0,0.0,2.0,0.0,0.0,0.0,11.0,10.0,0.0,5.0,2.0,2.0,1.0,1.0,1.0,0.0,13.0,6.0,28.0,15.0,1.3333333333333333,2.0,3.0,21.0,0.7,0.0,0.03333333333333333,1442.0,92.0,0.0,0,0,0,0,1,0,0,0,0,0,0,0,0,0,0,0,0,0,0,fib_iter.c,-simplifycfg,0.001255770999705419,0.004081212995515671,3.41658868086379e-07,30,30,92.0,,estimated,-0.12723570891204666
2.0,0.0,0.0,1.0,5.0,30.0,8.0,8.0,5.0,0.0,1.0,2.0,3.0,1.0,2.0,0.0,1.0,0.0,0.0,0.0,2.0,0.0,0.0,0.0,11.0,10.0,0.0,5.0,2.0,2.0,1.0,1.0,1.0,0.0,13.0,6.0,28.0,15.0,1.3333333333333333,2.0,3.0,21.0,0.7,0.0,0.03333333333333333,1442.0,92.0,0.0,0,1,0,0,0,0,0,1,0,0,0,1,0,1,0,0,0,0,0,fib_iter.c,-sccp|-dce|-loop-unroll|-lcssa,0.002477182002621703,0.004081212995515671,3.5941666803953135e-07,30,30,92.0,,estimated,-0.5163355870164766
2.0,0.0,0.0,1.0,5.0,30.0,8.0,8.0,5.0,0.0,1.0,2.0,3.0,1.0,2.0,0.0,1.0,0.0,0.0,0.0,2.0,0.0,0.0,0.0,11.0,10.0,0.0,5.0,2.0,2.0,1.0,1.0,1.0,0.0,13.0,6.0,28.0,15.0,1.3333333333333333,2.0,3.0,21.0,0.7,0.0,0.03333333333333333,1442.0,92.0,0.0,1,0,0,0,0,0,0,0,1,0,1,1,0,0,0,1,0,1,0,fib_iter.c,-sroa|-adce|-lcsr|-loop-unroll|-sinking|-constmerge,0.004341510000813287,0.004081212995515671,2.872570156411852e-07,30,16,36.0,,estimated,-0.8768910707693404
2.0,0.0,0.0,1.0,5.0,30.0,8.0,8.0,5.0,0.0,1.0,2.0,3.0,1.0,2.0,0.0,1.0,0.0,0.0,0.0,2.0,0.0,0.0,0.0,11.0,10.0,0.0,5.0,2.0,2.0,1.0,1.0,1.0,0.0,13.0,6.0,28.0,15.0,1.3333333333333333,2.0,3.0,21.0,0.7,0.0,0.03333333333333333,1442.0,92.0,0.0,0,0,0,0,0,0,0,0,0,0,1,0,0,0,0,0,0,0,0,fib_iter.c,-lcsr,0.0013859760001651011,0.004081212995515671,3.6458644299165934e-07,30,30,92.0,,estimated,-0.22172057282278992
2.0,0.0,0.0,1.0,5.0,30.0,8.0,8.0,5.0,0.0,1.0,2.0,3.0,1.0,2.0,0.0,1.0,0.0,0.0,0.0,2.0,0.0,0.0,0.0,11.0,10.0,0.0,5.0,2.0,2.0,1.0,1.0,1.0,0.0,13.0,6.0,28.0,15.0,1.3333333333333333,2.0,3.0,21.0,0.7,0.0,0.03333333333333333,1442.0,92.0,0.0,0,1,0,0,1,1,0,0,0,1,0,0,0,1,0,0,0,0,0,fib_iter.c,-sccp|-simplifycfg|-gvn|-reassociate|-lcssa,0.0033099150023190305,0.004081212995515671,3.2476045384982673e-07,30,26,76.0,,estimated,-0.6650367965916815
2.0,0.0,0.0,1.0,5.0,30.0,8.0,8.0,5.0,0.0,1.0,2.0,3.0,1.0,2.0,0.0,1.0,0.0,0.0,0.0,2.0,0.0,0.0,0.0,11.0,10.0,0.0,5.0,2.0,2.0,1.0,1.0,1.0,0.0,13.0,6.0,28.0,15.0,1.3333333333333333,2.0,3.0,21.0,0.7,0.0,0.03333333333333333,1442.0,92.0,0.0,0,0,0,0,1,0,0,0,0,0,0,1,0,0,0,0,0,0,0,fib_iter.c,-simplifycfg|-loop-unroll,0.002111250003508758,0.004081212995515671,3.7109895033369724e-07,30,30,92.0,,estimated,-0.4428370985101533
2.0,0.0,0.0,1.0,4.0,17.0,4.0,1.0,1.0,0.0,3.0,3.0,1.0,1.0,0.0,0.0,1.0,0.0,0.0,0.0,3.0,0.0,0.0,0.0,8.0,5.0,0.0,4.0,2.0,3.0,0.0,0.0,0.0,0.0,8.0,4.25,15.0,8.5,1.0,2.0,2.0,6.0,0.35294117647058826,0.0,0.058823529411764705,959.0,66.0,0.0,0,0,0,0,0,0,0,0,0,0,0,0,0,0,0,0,0,0,0,fib_rec.c,(none),0.0005340350035112351,0.0038623570071649738,5.580994267282741e-05,17,17,66.0,,estimated,0.0
2.0,0.0,0.0,1.0,4.0,17.0,4.0,1.0,1.0,0.0,3.0,3.0,1.0,1.0,0.0,0.0,1.0,0.0,0.0,0.0,3.0,0.0,0.0,0.0,8.0,5.0,0.0,4.0,2.0,3.0,0.0,0.0,0.0,0.0,8.0,4.25,15.0,8.5,1.0,2.0,2.0,6.0,0.35294117647058826,0.0,0.058823529411764705,959.0,66.0,0.0,1,1,1,0,1,1,0,1,0,0,0,0,0,0,0,0,0,0,0,fib_rec.c,-sroa|-sccp|-instcombine|-simplifycfg|-gvn|-dce,0.003439346997765824,0.0038623570071649738,4.664009307013001e-05,17,12,47.0,,estimated,0.2907930163604393
2.0,0.0,0.0,1.0,4.0,17.0,4.0,1.0,1.0,0.0,3.0,3.0,1.0,1.0,0.0,0.0,1.0,0.0,0.0,0.0,3.0,0.0,0.0,0.0,8.0,5.0,0.0,4.0,2.0,3.0,0.0,0.0,0.0,0.0,8.0,4.25,15.0,8.5,1.0,2.0,2.0,6.0,0.35294117647058826,0.0,0.058823529411764705,959.0,66.0,0.0,1,1,1,0,1,1,1,1,1,1,1,0,1,1,1,0,0,0,0,fib_rec.c,-sroa|-sccp|-instcombine|-simplifycfg|-gvn|-dce|-adce|-dse|-reassociate|-lcsr|-loop-rotate|-lcssa|-tailcallelim,0.0063891610043356195,0.0038623570071649738,2.997606451014778e-05,17,14,39.0,,estimated,0.696248193275337
2.0,0.0,0.0,1.0,4.0,17.0,4.0,1.0,1.0,0.0,3.0,3.0,1.0,1.0,0.0,0.0,1.0,0.0,0.0,0.0,3.0,0.0,0.0,0.0,8.0,5.0,0.0,4.0,2.0,3.0,0.0,0.0,0.0,0.0,8.0,4.25,15.0,8.5,1.0,2.0,2.0,6.0,0.35294117647058826,0.0,0.058823529411764705,959.0,66.0,0.0,1,1,1,1,1,1,1,1,1,1,1,1,1,1,1,1,1,1,1,fib_rec.c,-sroa|-sccp|-instcombine|-simplifycfg|-gvn|-dce|-adce|-dse|-reassociate|-lcsr|-loop-rotate|-lcssa|-tailcallelim|-aggressive-instcombine|-loop-unroll|-ipsccp|-sinking|-globalopt|-constmerge,0.00939775299775647,0.0038623570071649738,2.971324997466022e-05,17,16,41.0,,estimated,0.6955022079497785
2.0,0.0,0.0,1.0,4.0,17.0,4.0,1.0,1.0,0.0,3.0,3.0,1.0,1.0,0.0,0.0,1.0,0.0,0.0,0.0,3.0,0.0,0.0,0.0,8.0,5.0,0.0,4.0,2.0,3.0,0.0,0.0,0.0,0.0,8.0,4.25,15.0,8.5,1.0,2.0,2.0,6.0,0.35294117647058826,0.0,0.058823529411764705,959.0,66.0,0.0,1,0,0,0,1,0,0,0,0,0,0,0,0,0,0,0,0,0,0,fib_rec.c,-sroa|-simplifycfg,0.0016118649946292862,0.0038623570071649738,4.7905390291395254e-05,17,12,47.0,,estimated,0.25800772237358427
2.0,0.0,0.0,1.0,4.0,17.0,4.0,1.0,1.0,0.0,3.0,3.0,1.0,1.0,0.0,0.0,1.0,0.0,0.0,0.0,3.0,0.0,0.0,0.0,8.0,5.0,0.0,4.0,2.0,3.0,0.0,0.0,0.0,0.0,8.0,4.25,15.0,8.5,1.0,2.0,2.0,6.0,0.35294117647058826,0.0,0.058823529411764705,959.0,66.0,0.0,1,1,0,0,1,1,1,0,0,0,0,0,0,0,0,0,0,0,0,fib_rec.c,-sroa|-sccp|-simplifycfg|-gvn|-dse,0.0032585199951427057,0.0038623570071649738,4.677311898419811e-05,17,12,47.0,,estimated,0.2873470810541446
2.0,0.0,0.0,1.0,4.0,17.0,4.0,1.0,1.0,0.0,3.0,3.0,1.0,1.0,0.0,0.0,1.0,0.0,0.0,0.0,3.0,0.0,0.0,0.0,8.0,5.0,0.0,4.0,2.0,3.0,0.0,0.0,0.0,0.0,8.0,4.25,15.0,8.5,1.0,2.0,2.0,6.0,0.35294117647058826,0.0,0.058823529411764705,959.0,66.0,0.0,0,0,0,0,0,0,0,0,0,0,1,1,1,0,0,0,0,0,0,fib_rec.c,-loop-rotate|-loop-unroll|-lcsr,0.0017591740033822134,0.0038623570071649738,5.44303056813078e-05,17,17,66.0,,estimated,0.044198563433856114
2.0,0.0,0.0,1.0,4.0,17.0,4.0,1.0,1.0,0.0,3.0,3.0,1.0,1.0,0.0,0.0,1.0,0.0,0.0,0.0,3.0,0.0,0.0,0.0,8.0,5.0,0.0,4.0,2.0,3.0,0.0,0.0,0.0,0.0,8.0,4.25,15.0,8.5,1.0,2.0,2.0,6.0,0.35294117647058826,0.0,0.058823529411764705,959.0,66.0,0.0,0,1,0,0,0,0,0,0,0,1,0,0,0,0,0,0,0,0,0,fib_rec.c,-sccp|-reassociate,0.00210259100276744,0.0038623570071649738,5.483797140186653e-05,17,17,66.0,,estimated,0.028772115343453978
2.0,0.0,0.0,1.0,4.0,17.0,4.0,1.0,1.0,0.0,3.0,3.0,1.0,1.0,0.0,0.0,1.0,0.0,0.0,0.0,3.0,0.0,0.0,0.0,8.0,5.0,0.0,4.0,2.0,3.0,0.0,0.0,0.0,0.0,8.0,4.25,15.0,8.5,1.0,2.0,2.0,6.0,0.35294117647058826,0.0,0.058823529411764705,959.0,66.0,0.0,0,0,0,0,1,0,1,0,1,0,0,0,0,0,0,0,1,0,0,fib_rec.c,-simplifycfg|-dse|-adce|-ipsccp,0.002862224995624274,0.0038623570071649738,5.4780194356377855e-05,17,19,70.0,,estimated,0.028134750451228752
2.0,0.0,0.0,1.0,4.0,17.0,4.0,1.0,1.0,0.0,3.0,3.0,1.0,1.0,0.0,0.0,1.0,0.0,0.0,0.0,3.0,0.0,0.0,0.0,8.0,5.0,0.0,4.0,2.0,3.0,0.0,0.0,0.0,0.0,8.0,4.25,15.0,8.5,1.0,2.0,2.0,6.0,0.35294117647058826,0.0,0.058823529411764705,959.0,66.0,0.0,0,0,0,0,1,0,1,0,0,0,0,1,1,0,0,0,0,0,0,fib_rec.c,-simplifycfg|-dse|-loop-unroll|-loop-rotate,0.0024764810004853643,0.0038623570071649738,5.485616667202622e-05,17,19,70.0,,estimated,0.026823433880628925
2.0,0.0,0.0,1.0,4.0,17.0,4.0,1.0,1.0,0.0,3.0,3.0,1.0,1.0,0.0,0.0,1.0,0.0,0.0,0.0,3.0,0.0,0.0,0.0,8.0,5.0,0.0,4.0,2.0,3.0,0.0,0.0,0.0,0.0,8.0,4.25,15.0,8.5,1.0,2.0,2.0,6.0,0.35294117647058826,0.0,0.058823529411764705,959.0,66.0,0.0,0,0,0,1,0,0,0,1,0,0,0,0,0,0,0,0,0,0,0,fib_rec.c,-aggressive-instcombine|-dce,0.0012850610000896268,0.0038623570071649738,5.4055878673821233e-05,17,17,66.0,,estimated,0.05880592061105308
2.0,0.0,0.0,1.0,4.0,17.0,4.0,1.0,1.0,0.0,3.0,3.0,1.0,1.0,0.0,0.0,1.0,0.0,0.0,0.0,3.0,0.0,0.0,0.0,8.0,5.0,0.0,4.0,2.0,3.0,0.0,0.0,0.0,0.0,8.0,4.25,15.0,8.5,1.0,2.0,2.0,6.0,0.35294117647058826,0.0,0.058823529411764705,959.0,66.0,0.0,0,0,0,0,0,0,0,0,1,0,0,0,1,0,0,0,0,0,0,fib_rec.c,-adce|-loop-rotate,0.0012970949974260293,0.0038623570071649738,5.5540361144166025e-05,17,17,66.0,,estimated,0.006860263564825885
2.0,0.0,0.0,1.0,4.0,17.0,4.0,1.0,1.0,0.0,3.0,3.0,1.0,1.0,0.0,0.0,1.0,0.0,0.0,0.0,3.0,0.0,0.0,0.0,8.0,5.0,0.0,4.0,2.0,3.0,0.0,0.0,0.0,0.0,8.0,4.25,15.0,8.5,1.0,2.0,2.0,6.0,0.35294117647058826,0.0,0.058823529411764705,959.0,66.0,0.0,0,0,0,0,1,0,1,1,0,0,0,0,0,0,0,0,0,0,0,fib_rec.c,-simplifycfg|-dse|-dce,0.002178196002205368,0.0038623570071649738,5.856841166592751e-05,17,19,70.0,,estimated,-0.10662570714850629
2.0,0.0,0.0,1.0,4.0,17.0,4.0,1.0,1.0,0.0,3.0,3.0,1.0,1.0,0.0,0.0,1.0,0.0,0.0,0.0,3.0,0.0,0.0,0.0,8.0,5.0,0.0,4.0,2.0,3.0,0.0,0.0,0.0,0.0,8.0,4.25,15.0,8.5,1.0,2.0,2.0,6.0,0.35294117647058826,0.0,0.058823529411764705,959.0,66.0,0.0,0,0,0,0,1,0,0,0,0,0,0,0,0,0,0,0,0,0,0,fib_rec.c,-simplifycfg,0.001271093002287671,0.0038623570071649738,6.0598878807275355e-05,17,19,70.0,,estimated,-0.18036840996340114
2.0,0.0,0.0,1.0,4.0,17.0,4.0,1.0,1.0,0.0,3.0,3.0,1.0,1.0,0.0,0.0,1.0,0.0,0.0,0.0,3.0,0.0,0.0,0.0,8.0,5.0,0.0,4.0,2.0,3.0,0.0,0.0,0.0,0.0,8.0,4.25,15.0,8.5,1.0,2.0,2.0,6.0,0.35294117647058826,0.0,0.058823529411764705,959.0,66.0,0.0,0,1,0,0,0,0,0,1,0,0,0,1,0,1,0,0,0,0,0,fib_rec.c,-sccp|-dce|-loop-unroll|-lcssa,0.002128414998878725,0.0038623570071649738,6.20886562501255e-05,17,17,66.0,,estimated,-0.2420141347737347
2.0,0.0,0.0,1.0,4.0,17.0,4.0,1.0,1.0,0.0,3.0,3.0,1.0,1.0,0.0,0.0,1.0,0.0,0.0,0.0,3.0,0.0,0.0,0.0,8.0,5.0,0.0,4.0,2.0,3.0,0.0,0.0,0.0,0.0,8.0,4.25,15.0,8.5,1.0,2.0,2.0,6.0,0.35294117647058826,0.0,0.058823529411764705,959.0,66.0,0.0,1,0,0,0,0,0,0,0,1,0,1,1,0,0,0,1,0,1,0,fib_rec.c,-sroa|-adce|-lcsr|-loop-unroll|-sinking|-constmerge,0.003143989000818692,0.0038623570071649738,5.6195382271920715e-05,17,11,45.0,,estimated,-0.023116598478906843
2.0,0.0,0.0,1.0,4.0,17.0,4.0,1.0,1.0,0.0,3.0,3.0,1.0,1.0,0.0,0.0,1.0,0.0,0.0,0.0,3.0,0.0,0.0,0.0,8.0,5.0,0.0,4.0,2.0,3.0,0.0,0.0,0.0,0.0,8.0,4.25,15.0,8.5,1.0,2.0,2.0,6.0,0.35294117647058826,0.0,0.058823529411764705,959.0,66.0,0.0,0,0,0,0,0,0,0,0,0,0,1,0,0,0,0,0,0,0,0,fib_rec.c,-lcsr,0.0012348989985184744,0.0038623570071649738,6.566276667096342e-05,17,17,66.0,,estimated,-0.3839372112481939
2.0,0.0,0.0,1.0,4.0,17.0,4.0,1.0,1.0,0.0,3.0,3.0,1.0,1.0,0.0,0.0,1.0,0.0,0.0,0.0,3.0,0.0,0.0,0.0,8.0,5.0,0.0,4.0,2.0,3.0,0.0,0.0,0.0,0.0,8.0,4.25,15.0,8.5,1.0,2.0,2.0,6.0,0.35294117647058826,0.0,0.058823529411764705,959.0,66.0,0.0,0,1,0,0,1,1,0,0,0,1,0,0,0,1,0,0,0,0,0,fib_rec.c,-sccp|-simplifycfg|-gvn|-reassociate|-lcssa,0.0035200730053475127,0.0038623570071649738,5.5898055506986566e-05,17,15,54.0,,estimated,-0.013797292795961152
2.0,0.0,0.0,1.0,4.0,17.0,4.0,1.0,1.0,0.0,3.0,3.0,1.0,1.0,0.0,0.0,1.0,0.0,0.0,0.0,3.0,0.0,0.0,0.0,8.0,5.0,0.0,4.0,2.0,3.0,0.0,0.0,0.0,0.0,8.0,4.25,15.0,8.5,1.0,2.0,2.0,6.0,0.35294117647058826,0.0,0.058823529411764705,959.0,66.0,0.0,0,0,0,0,1,0,0,0,0,0,0,1,0,0,0,0,0,0,0,fib_rec.c,-simplifycfg|-loop-unroll,0.0017606869951123372,0.0038623570071649738,6.455953334807418e-05,17,19,70.0,,estimated,-0.34033913677269956
2.0,0.0,0.0,2.0,5.0,26.0,8.0,5.0,3.0,0.0,1.0,2.0,3.0,1.0,2.0,0.0,1.0,0.0,0.0,0.0,3.0,0.0,0.0,0.0,7.0,6.0,0.0,5.0,2.0,2.0,1.0,1.0,1.0,0.0,14.0,5.2,24.0,13.0,1.3333333333333333,2.0,3.0,16.0,0.6153846153846154,0.0,0.038461538461538464,1362.0,95.0,0.0,0,0,0,0,0,0,0,0,0,0,0,0,0,0,0,0,0,0,0,gcd_euclid.c,(none),0.0006673160023638047,0.005146087001776323,2.628825790070883e-07,26,26,95.0,,estimated,0.0
2.0,0.0,0.0,2.0,5.0,26.0,8.0,5.0,3.0,0.0,1.0,2.0,3.0,1.0,2.0,0.0,1.0,0.0,0.0,0.0,3.0,0.0,0.0,0.0,7.0,6.0,0.0,5.0,2.0,2.0,1.0,1.0,1.0,0.0,14.0,5.2,24.0,13.0,1.3333333333333333,2.0,3.0,16.0,0.6153846153846154,0.0,0.038461538461538464,1362.0,95.0,0.0,1,1,1,0,1,1,0,1,0,0,0,0,0,0,0,0,0,0,0,gcd_euclid.c,-sroa|-sccp|-instcombine|-simplifycfg|-gvn|-dce,0.004400571997393854,0.005146087001776323,2.5369233761944334e-07,26,11,39.0,,estimated,-1.0486943909908972
2.0,0.0,0.0,2.0,5.0,26.0,8.0,5.0,3.0,0.0,1.0,2.0,3.0,1.0,2.0,0.0,1.0,0.0,0.0,0.0,3.0,0.0,0.0,0.0,7.0,6.0,0.0,5.0,2.0,2.0,1.0,1.0,1.0,0.0,14.0,5.2,24.0,13.0,1.3333333333333333,2.0,3.0,16.0,0.6153846153846154,0.0,0.038461538461538464,1362.0,95.0,0.0,1,1,1,0,1,1,1,1,1,1,1,0,1,1,1,0,0,0,0,gcd_euclid.c,-sroa|-sccp|-instcombine|-simplifycfg|-gvn|-dce|-adce|-dse|-reassociate|-lcsr|-loop-rotate|-lcssa|-tailcallelim,0.008187197003280744,0.005146087001776323,2.5027856711509804e-07,26,16,45.0,,estimated,-2.5186864783615803
2.0,0.0,0.0,2.0,5.0,26.0,8.0,5.0,3.0,0.0,1.0,2.0,3.0,1.0,2.0,0.0,1.0,0.0,0.0,0.0,3.0,0.0,0.0,0.0,7.0,6.0,0.0,5.0,2.0,2.0,1.0,1.0,1.0,0.0,14.0,5.2,24.0,13.0,1.3333333333333333,2.0,3.0,16.0,0.6153846153846154,0.0,0.038461538461538464,1362.0,95.0,0.0,1,1,1,1,1,1,1,1,1,1,1,1,1,1,1,1,1,1,1,gcd_euclid.c,-sroa|-sccp|-instcombine|-simplifycfg|-gvn|-dce|-adce|-dse|-reassociate|-lcsr|-loop-rotate|-lcssa|-tailcallelim|-aggressive-instcombine|-loop-unroll|-ipsccp|-sinking|-globalopt|-constmerge,0.011219848005566746,0.005146087001776323,2.5469662233282995e-07,26,16,45.0,,estimated,-4.01882523913673
2.0,0.0,0.0,2.0,5.0,26.0,8.0,5.0,3.0,0.0,1.0,2.0,3.0,1.0,2.0,0.0,1.0,0.0,0.0,0.0,3.0,0.0,0.0,0.0,7.0,6.0,0.0,5.0,2.0,2.0,1.0,1.0,1.0,0.0,14.0,5.2,24.0,13.0,1.3333333333333333,2.0,3.0,16.0,0.6153846153846154,0.0,0.038461538461538464,1362.0,95.0,0.0,1,0,0,0,1,0,0,0,0,0,0,0,0,0,0,0,0,0,0,gcd_euclid.c,-sroa|-simplifycfg,0.0022082379946368746,0.005146087001776323,2.5443211627788576e-07,26,15,51.0,,estimated,-0.37479316535279994
2.0,0.0,0.0,2.0,5.0,26.0,8.0,5.0,3.0,0.0,1.0,2.0,3.0,1.0,2.0,0.0,1.0,0.0,0.0,0.0,3.0,0.0,0.0,0.0,7.0,6.0,0.0,5.0,2.0,2.0,1.0,1.0,1.0,0.0,14.0,5.2,24.0,13.0,1.3333333333333333,2.0,3.0,16.0,0.6153846153846154,0.0,0.038461538461538464,1362.0,95.0,0.0,1,1,0,0,1,1,1,0,0,0,0,0,0,0,0,0,0,0,0,gcd_euclid.c,-sroa|-sccp|-simplifycfg|-gvn|-dse,0.003739748994121328,0.005146087001776323,2.4794837873384757e-07,26,14,47.0,,estimated,-0.8123792614121501
2.0,0.0,0.0,2.0,5.0,26.0,8.0,5.0,3.0,0.0,1.0,2.0,3.0,1.0,2.0,0.0,1.0,0.0,0.0,0.0,3.0,0.0,0.0,0.0,7.0,6.0,0.0,5.0,2.0,2.0,1.0,1.0,1.0,0.0,14.0,5.2,24.0,13.0,1.3333333333333333,2.0,3.0,16.0,0.6153846153846154,0.0,0.038461538461538464,1362.0,95.0,0.0,0,0,0,0,0,0,0,0,0,0,1,1,1,0,0,0,0,0,0,gcd_euclid.c,-loop-rotate|-loop-unroll|-lcsr,0.002934663003543392,0.005146087001776323,2.467786458637427e-07,26,29,102.0,,estimated,-0.5612418390086046
2.0,0.0,0.0,2.0,5.0,26.0,8.0,5.0,3.0,0.0,1.0,2.0,3.0,1.0,2.0,0.0,1.0,0.0,0.0,0.0,3.0,0.0,0.0,0.0,7.0,6.0,0.0,5.0,2.0,2.0,1.0,1.0,1.0,0.0,14.0,5.2,24.0,13.0,1.3333333333333333,2.0,3.0,16.0,0.6153846153846154,0.0,0.038461538461538464,1362.0,95.0,0.0,0,1,0,0,0,0,0,0,0,1,0,0,0,0,0,0,0,0,0,gcd_euclid.c,-sccp|-reassociate,0.0017378009943058714,0.005146087001776323,2.4342155264658404e-07,26,26,95.0,,estimated,-0.2182623604909084
2.0,0.0,0.0,2.0,5.0,26.0,8.0,5.0,3.0,0.0,1.0,2.0,3.0,1.0,2.0,0.0,1.0,0.0,0.0,0.0,3.0,0.0,0.0,0.0,7.0,6.0,0.0,5.0,2.0,2.0,1.0,1.0,1.0,0.0,14.0,5.2,24.0,13.0,1.3333333333333333,2.0,3.0,16.0,0.6153846153846154,0.0,0.038461538461538464,1362.0,95.0,0.0,0,0,0,0,1,0,1,0,1,0,0,0,0,0,0,0,1,0,0,gcd_euclid.c,-simplifycfg|-dse|-adce|-ipsccp,0.0029429100031848066,0.005146087001776323,2.4398389569566195e-07,26,26,95.0,,estimated,-0.5554157176429578
2.0,0.0,0.0,2.0,5.0,26.0,8.0,5.0,3.0,0.0,1.0,2.0,3.0,1.0,2.0,0.0,1.0,0.0,0.0,0.0,3.0,0.0,0.0,0.0,7.0,6.0,0.0,5.0,2.0,2.0,1.0,1.0,1.0,0.0,14.0,5.2,24.0,13.0,1.3333333333333333,2.0,3.0,16.0,0.6153846153846154,0.0,0.038461538461538464,1362.0,95.0,0.0,0,0,0,0,1,0,1,0,0,0,0,1,1,0,0,0,0,0,0,gcd_euclid.c,-simplifycfg|-dse|-loop-unroll|-loop-rotate,0.0031546000027447008,0.005146087001776323,2.3334116816415885e-07,26,29,102.0,,estimated,-0.5866719236521716
2.0,0.0,0.0,2.0,5.0,26.0,8.0,5.0,3.0,0.0,1.0,2.0,3.0,1.0,2.0,0.0,1.0,0.0,0.0,0.0,3.0,0.0,0.0,0.0,7.0,6.0,0.0,5.0,2.0,2.0,1.0,1.0,1.0,0.0,14.0,5.2,24.0,13.0,1.3333333333333333,2.0,3.0,16.0,0.6153846153846154,0.0,0.038461538461538464,1362.0,95.0,0.0,0,0,0,1,0,0,0,1,0,0,0,0,0,0,0,0,0,0,0,gcd_euclid.c,-aggressive-instcombine|-dce,0.0014948669995646924,0.005146087001776323,2.2818957717053622e-07,26,26,95.0,,estimated,-0.11710225021005517
2.0,0.0,0.0,2.0,5.0,26.0,8.0,5.0,3.0,0.0,1.0,2.0,3.0,1.0,2.0,0.0,1.0,0.0,0.0,0.0,3.0,0.0,0.0,0.0,7.0,6.0,0.0,5.0,2.0,2.0,1.0,1.0,1.0,0.0,14.0,5.2,24.0,13.0,1.3333333333333333,2.0,3.0,16.0,0.6153846153846154,0.0,0.038461538461538464,1362.0,95.0,0.0,0,0,0,0,0,0,0,0,1,0,0,0,1,0,0,0,0,0,0,gcd_euclid.c,-adce|-loop-rotate,0.0016870880062924698,0.005146087001776323,2.2220161959597856e-07,26,29,102.0,,estimated,-0.1504851421406497
2.0,0.0,0.0,2.0,5.0,26.0,8.0,5.0,3.0,0.0,1.0,2.0,3.0,1.0,2.0,0.0,1.0,0.0,0.0,0.0,3.0,0.0,0.0,0.0,7.0,6.0,0.0,5.0,2.0,2.0,1.0,1.0,1.0,0.0,14.0,5.2,24.0,13.0,1.3333333333333333,2.0,3.0,16.0,0.6153846153846154,0.0,0.038461538461538464,1362.0,95.0,0.0,0,0,0,0,1,0,1,1,0,0,0,0,0,0,0,0,0,0,0,gcd_euclid.c,-simplifycfg|-dse|-dce,0.002435930000501685,0.005146087001776323,2.3169536208336506e-07,26,26,95.0,,estimated,-0.37488329446393076
2.0,0.0,0.0,2.0,5.0,26.0,8.0,5.0,3.0,0.0,1.0,2.0,3.0,1.0,2.0,0.0,1.0,0.0,0.0,0.0,3.0,0.0,0.0,0.0,7.0,6.0,0.0,5.0,2.0,2.0,1.0,1.0,1.0,0.0,14.0,5.2,24.0,13.0,1.3333333333333333,2.0,3.0,16.0,0.6153846153846154,0.0,0.038461538461538464,1362.0,95.0,0.0,0,0,0,0,1,0,0,0,0,0,0,0,0,0,0,0,0,0,0,gcd_euclid.c,-simplifycfg,0.0013765870025963522,0.005146087001776323,2.320244144963605e-07,26,26,95.0,,estimated,-0.09717770651982578
2.0,0.0,0.0,2.0,5.0,26.0,8.0,5.0,3.0,0.0,1.0,2.0,3.0,1.0,2.0,0.0,1.0,0.0,0.0,0.0,3.0,0.0,0.0,0.0,7.0,6.0,0.0,5.0,2.0,2.0,1.0,1.0,1.0,0.0,14.0,5.2,24.0,13.0,1.3333333333333333,2.0,3.0,16.0,0.6153846153846154,0.0,0.038461538461538464,1362.0,95.0,0.0,0,1,0,0,0,0,0,1,0,0,0,1,0,1,0,0,0,0,0,gcd_euclid.c,-sccp|-dce|-loop-unroll|-lcssa,0.0024148669981514104,0.005146087001776323,2.1971168504575947e-07,26,26,95.0,,estimated,-0.33602227309339566
2.0,0.0,0.0,2.0,5.0,26.0,8.0,5.0,3.0,0.0,1.0,2.0,3.0,1.0,2.0,0.0,1.0,0.0,0.0,0.0,3.0,0.0,0.0,0.0,7.0,6.0,0.0,5.0,2.0,2.0,1.0,1.0,1.0,0.0,14.0,5.2,24.0,13.0,1.3333333333333333,2.0,3.0,16.0,0.6153846153846154,0.0,0.038461538461538464,1362.0,95.0,0.0,1,0,0,0,0,0,0,0,1,0,1,1,0,0,0,1,0,1,0,gcd_euclid.c,-sroa|-adce|-lcsr|-loop-unroll|-sinking|-constmerge,0.003437815001234412,0.005146087001776323,2.273862398523274e-07,26,16,52.0,,estimated,-0.6541183972654667
2.0,0.0,0.0,2.0,5.0,26.0,8.0,5.0,3.0,0.0,1.0,2.0,3.0,1.0,2.0,0.0,1.0,0.0,0.0,0.0,3.0,0.0,0.0,0.0,7.0,6.0,0.0,5.0,2.0,2.0,1.0,1.0,1.0,0.0,14.0,5.2,24.0,13.0,1.3333333333333333,2.0,3.0,16.0,0.6153846153846154,0.0,0.038461538461538464,1362.0,95.0,0.0,0,0,0,0,0,0,0,0,0,0,1,0,0,0,0,0,0,0,0,gcd_euclid.c,-lcsr,0.001273346999369096,0.005146087001776323,2.3230422021520356e-07,26,26,95.0,,estimated,-0.07239475686895828
2.0,0.0,0.0,2.0,5.0,26.0,8.0,5.0,3.0,0.0,1.0,2.0,3.0,1.0,2.0,0.0,1.0,0.0,0.0,0.0,3.0,0.0,0.0,0.0,7.0,6.0,0.0,5.0,2.0,2.0,1.0,1.0,1.0,0.0,14.0,5.2,24.0,13.0,1.3333333333333333,2.0,3.0,16.0,0.6153846153846154,0.0,0.038461538461538464,1362.0,95.0,0.0,0,1,0,0,1,1,0,0,0,1,0,0,0,1,0,0,0,0,0,gcd_euclid.c,-sccp|-simplifycfg|-gvn|-reassociate|-lcssa,0.0037741490014013834,0.005146087001776323,2.5091103341664376e-07,26,21,75.0,,estimated,-0.8328568648559748
2.0,0.0,0.0,2.0,5.0,26.0,8.0,5.0,3.0,0.0,1.0,2.0,3.0,1.0,2.0,0.0,1.0,0.0,0.0,0.0,3.0,0.0,0.0,0.0,7.0,6.0,0.0,5.0,2.0,2.0,1.0,1.0,1.0,0.0,14.0,5.2,24.0,13.0,1.3333333333333333,2.0,3.0,16.0,0.6153846153846154,0.0,0.038461538461538464,1362.0,95.0,0.0,0,0,0,0,1,0,0,0,0,0,0,1,0,0,0,0,0,0,0,gcd_euclid.c,-simplifycfg|-loop-unroll,0.0022165549962664954,0.005146087001776323,2.5826993954614576e-07,26,26,95.0,,estimated,-0.38779448001071176
2.0,0.0,0.0,2.0,13.0,93.0,26.0,17.0,11.0,0.0,1.0,3.0,10.0,4.0,6.0,0.0,3.0,1.0,0.0,0.0,5.0,14.0,0.0,2.0,32.0,23.0,8.0,13.0,2.0,3.0,3.0,3.0,2.0,0.0,29.0,7.153846153846154,51.0,46.5,1.2727272727272727,2.0,5.0,54.0,0.5806451612903226,0.16129032258064516,0.043010752688172046,4549.0,286.0,1.0,0,0,0,0,0,0,0,0,0,0,0,0,0,0,0,0,0,0,0,mandelbrot.c,(none),0.0017238430009456351,0.009313094997196458,5.181271429007341e-05,93,93,286.0,,estimated,0.0
2.0,0.0,0.0,2.0,13.0,93.0,26.0,17.0,11.0,0.0,1.0,3.0,10.0,4.0,6.0,0.0,3.0,1.0,0.0,0.0,5.0,14.0,0.0,2.0,32.0,23.0,8.0,13.0,2.0,3.0,3.0,3.0,2.0,0.0,29.0,7.153846153846154,51.0,46.5,1.2727272727272727,2.0,5.0,54.0,0.5806451612903226,0.16129032258064516,0.043010752688172046,4549.0,286.0,1.0,1,1,1,0,1,1,0,1,0,0,0,0,0,0,0,0,0,0,0,mandelbrot.c,-sroa|-sccp|-instcombine|-simplifycfg|-gvn|-dce,0.007086871002684347,0.009313094997196458,2.0328627934484462e-05,93,51,122.0,,estimated,0.8276445507890712
2.0,0.0,0.0,2.0,13.0,93.0,26.0,17.0,11.0,0.0,1.0,3.0,10.0,4.0,6.0,0.0,3.0,1.0,0.0,0.0,5.0,14.0,0.0,2.0,32.0,23.0,8.0,13.0,2.0,3.0,3.0,3.0,2.0,0.0,29.0,7.153846153846154,51.0,46.5,1.2727272727272727,2.0,5.0,54.0,0.5806451612903226,0.16129032258064516,0.043010752688172046,4549.0,286.0,1.0,1,1,1,0,1,1,1,1,1,1,1,0,1,1,1,0,0,0,0,mandelbrot.c,-sroa|-sccp|-instcombine|-simplifycfg|-gvn|-dce|-adce|-dse|-reassociate|-lcsr|-loop-rotate|-lcssa|-tailcallelim,0.012318752000282984,0.009313094997196458,1.944321346027107e-05,93,53,125.0,,estimated,0.833281407262113
2.0,0.0,0.0,2.0,13.0,93.0,26.0,17.0,11.0,0.0,1.0,3.0,10.0,4.0,6.0,0.0,3.0,1.0,0.0,0.0,5.0,14.0,0.0,2.0,32.0,23.0,8.0,13.0,2.0,3.0,3.0,3.0,2.0,0.0,29.0,7.153846153846154,51.0,46.5,1.2727272727272727,2.0,5.0,54.0,0.5806451612903226,0.16129032258064516,0.043010752688172046,4549.0,286.0,1.0,1,1,1,1,1,1,1,1,1,1,1,1,1,1,1,1,1,1,1,mandelbrot.c,-sroa|-sccp|-instcombine|-simplifycfg|-gvn|-dce|-adce|-dse|-reassociate|-lcsr|-loop-rotate|-lcssa|-tailcallelim|-aggressive-instcombine|-loop-unroll|-ipsccp|-sinking|-globalopt|-constmerge,0.017309041999396868,0.009313094997196458,1.9802624923282895e-05,93,53,125.0,,estimated,0.8197704940477452
2.0,0.0,0.0,2.0,13.0,93.0,26.0,17.0,11.0,0.0,1.0,3.0,10.0,4.0,6.0,0.0,3.0,1.0,0.0,0.0,5.0,14.0,0.0,2.0,32.0,23.0,8.0,13.0,2.0,3.0,3.0,3.0,2.0,0.0,29.0,7.153846153846154,51.0,46.5,1.2727272727272727,2.0,5.0,54.0,0.5806451612903226,0.16129032258064516,0.043010752688172046,4549.0,286.0,1.0,1,0,0,0,1,0,0,0,0,0,0,0,0,0,0,0,0,0,0,mandelbrot.c,-sroa|-simplifycfg,0.003345667995745316,0.009313094997196458,2.147037348659507e-05,93,61,159.0,,estimated,0.8153892657483932
2.0,0.0,0.0,2.0,13.0,93.0,26.0,17.0,11.0,0.0,1.0,3.0,10.0,4.0,6.0,0.0,3.0,1.0,0.0,0.0,5.0,14.0,0.0,2.0,32.0,23.0,8.0,13.0,2.0,3.0,3.0,3.0,2.0,0.0,29.0,7.153846153846154,51.0,46.5,1.2727272727272727,2.0,5.0,54.0,0.5806451612903226,0.16129032258064516,0.043010752688172046,4549.0,286.0,1.0,1,1,0,0,1,1,1,0,0,0,0,0,0,0,0,0,0,0,0,mandelbrot.c,-sroa|-sccp|-simplifycfg|-gvn|-dse,0.006516912006190978,0.009313094997196458,2.0292279111535484e-05,93,56,133.0,,estimated,0.8291061162683552
2.0,0.0,0.0,2.0,13.0,93.0,26.0,17.0,11.0,0.0,1.0,3.0,10.0,4.0,6.0,0.0,3.0,1.0,0.0,0.0,5.0,14.0,0.0,2.0,32.0,23.0,8.0,13.0,2.0,3.0,3.0,3.0,2.0,0.0,29.0,7.153846153846154,51.0,46.5,1.2727272727272727,2.0,5.0,54.0,0.5806451612903226,0.16129032258064516,0.043010752688172046,4549.0,286.0,1.0,0,0,0,0,0,0,0,0,0,0,1,1,1,0,0,0,0,0,0,mandelbrot.c,-loop-rotate|-loop-unroll|-lcsr,0.0050892609942820854,0.009313094997196458,5.099586107664638e-05,93,102,307.0,,estimated,0.018071202755995972
2.0,0.0,0.0,2.0,13.0,93.0,26.0,17.0,11.0,0.0,1.0,3.0,10.0,4.0,6.0,0.0,3.0,1.0,0.0,0.0,5.0,14.0,0.0,2.0,32.0,23.0,8.0,13.0,2.0,3.0,3.0,3.0,2.0,0.0,29.0,7.153846153846154,51.0,46.5,1.2727272727272727,2.0,5.0,54.0,0.5806451612903226,0.16129032258064516,0.043010752688172046,4549.0,286.0,1.0,0,1,0,0,0,0,0,0,0,1,0,0,0,0,0,0,0,0,0,mandelbrot.c,-sccp|-reassociate,0.00312347700673854,0.009313094997196458,4.5660829239683904e-05,93,93,286.0,,estimated,0.2143157336766439
2.0,0.0,0.0,2.0,13.0,93.0,26.0,17.0,11.0,0.0,1.0,3.0,10.0,4.0,6.0,0.0,3.0,1.0,0.0,0.0,5.0,14.0,0.0,2.0,32.0,23.0,8.0,13.0,2.0,3.0,3.0,3.0,2.0,0.0,29.0,7.153846153846154,51.0,46.5,1.2727272727272727,2.0,5.0,54.0,0.5806451612903226,0.16129032258064516,0.043010752688172046,4549.0,286.0,1.0,0,0,0,0,1,0,1,0,1,0,0,0,0,0,0,0,1,0,0,mandelbrot.c,-simplifycfg|-dse|-adce|-ipsccp,0.004851207995670848,0.009313094997196458,4.2704618993281785e-05,93,94,288.0,,estimated,0.3047980997210224
2.0,0.0,0.0,2.0,13.0,93.0,26.0,17.0,11.0,0.0,1.0,3.0,10.0,4.0,6.0,0.0,3.0,1.0,0.0,0.0,5.0,14.0,0.0,2.0,32.0,23.0,8.0,13.0,2.0,3.0,3.0,3.0,2.0,0.0,29.0,7.153846153846154,51.0,46.5,1.2727272727272727,2.0,5.0,54.0,0.5806451612903226,0.16129032258064516,0.043010752688172046,4549.0,286.0,1.0,0,0,0,0,1,0,1,0,0,0,0,1,1,0,0,0,0,0,0,mandelbrot.c,-simplifycfg|-dse|-loop-unroll|-loop-rotate,0.005422178001026623,0.009313094997196458,4.200604532591321e-05,93,104,311.0,,estimated,0.3248662497536401
2.0,0.0,0.0,2.0,13.0,93.0,26.0,17.0,11.0,0.0,1.0,3.0,10.0,4.0,6.0,0.0,3.0,1.0,0.0,0.0,5.0,14.0,0.0,2.0,32.0,23.0,8.0,13.0,2.0,3.0,3.0,3.0,2.0,0.0,29.0,7.153846153846154,51.0,46.5,1.2727272727272727,2.0,5.0,54.0,0.5806451612903226,0.16129032258064516,0.043010752688172046,4549.0,286.0,1.0,0,0,0,1,0,0,0,1,0,0,0,0,0,0,0,0,0,0,0,mandelbrot.c,-aggressive-instcombine|-dce,0.0028071339984307997,0.009313094997196458,4.208574996896046e-05,93,93,286.0,,estimated,0.33050027703696294
2.0,0.0,0.0,2.0,13.0,93.0,26.0,17.0,11.0,0.0,1.0,3.0,10.0,4.0,6.0,0.0,3.0,1.0,0.0,0.0,5.0,14.0,0.0,2.0,32.0,23.0,8.0,13.0,2.0,3.0,3.0,3.0,2.0,0.0,29.0,7.153846153846154,51.0,46.5,1.2727272727272727,2.0,5.0,54.0,0.5806451612903226,0.16129032258064516,0.043010752688172046,4549.0,286.0,1.0,0,0,0,0,0,0,0,0,1,0,0,0,1,0,0,0,0,0,0,mandelbrot.c,-adce|-loop-rotate,0.002989995999087114,0.009313094997196458,4.4091976070333095e-05,93,102,307.0,,estimated,0.26642776726545925
2.0,0.0,0.0,2.0,13.0,93.0,26.0,17.0,11.0,0.0,1.0,3.0,10.0,4.0,6.0,0.0,3.0,1.0,0.0,0.0,5.0,14.0,0.0,2.0,32.0,23.0,8.0,13.0,2.0,3.0,3.0,3.0,2.0,0.0,29.0,7.153846153846154,51.0,46.5,1.2727272727272727,2.0,5.0,54.0,0.5806451612903226,0.16129032258064516,0.043010752688172046,4549.0,286.0,1.0,0,0,0,0,1,0,1,1,0,0,0,0,0,0,0,0,0,0,0,mandelbrot.c,-simplifycfg|-dse|-dce,0.003693886006658431,0.009313094997196458,4.148964443528611e-05,93,94,288.0,,estimated,0.346100791163682
2.0,0.0,0.0,2.0,13.0,93.0,26.0,17.0,11.0,0.0,1.0,3.0,10.0,4.0,6.0,0.0,3.0,1.0,0.0,0.0,5.0,14.0,0.0,2.0,32.0,23.0,8.0,13.0,2.0,3.0,3.0,3.0,2.0,0.0,29.0,7.153846153846154,51.0,46.5,1.2727272727272727,2.0,5.0,54.0,0.5806451612903226,0.16129032258064516,0.043010752688172046,4549.0,286.0,1.0,0,0,0,0,1,0,0,0,0,0,0,0,0,0,0,0,0,0,0,mandelbrot.c,-simplifycfg,0.0022116339969215915,0.009313094997196458,4.171433328236971e-05,93,94,288.0,,estimated,0.3437617497947913
2.0,0.0,0.0,2.0,13.0,93.0,26.0,17.0,11.0,0.0,1.0,3.0,10.0,4.0,6.0,0.0,3.0,1.0,0.0,0.0,5.0,14.0,0.0,2.0,32.0,23.0,8.0,13.0,2.0,3.0,3.0,3.0,2.0,0.0,29.0,7.153846153846154,51.0,46.5,1.2727272727272727,2.0,5.0,54.0,0.5806451612903226,0.16129032258064516,0.043010752688172046,4549.0,286.0,1.0,0,1,0,0,0,0,0,1,0,0,0,1,0,1,0,0,0,0,0,mandelbrot.c,-sccp|-dce|-loop-unroll|-lcssa,0.004180824995273724,0.009313094997196458,4.2613933328539136e-05,93,93,286.0,,estimated,0.3097596322926273
2.0,0.0,0.0,2.0,13.0,93.0,26.0,17.0,11.0,0.0,1.0,3.0,10.0,4.0,6.0,0.0,3.0,1.0,0.0,0.0,5.0,14.0,0.0,2.0,32.0,23.0,8.0,13.0,2.0,3.0,3.0,3.0,2.0,0.0,29.0,7.153846153846154,51.0,46.5,1.2727272727272727,2.0,5.0,54.0,0.5806451612903226,0.16129032258064516,0.043010752688172046,4549.0,286.0,1.0,1,0,0,0,0,0,0,0,1,0,1,1,0,0,0,1,0,1,0,mandelbrot.c,-sroa|-adce|-lcsr|-loop-unroll|-sinking|-constmerge,0.005819063997478224,0.009313094997196458,1.843126807853906e-05,93,63,160.0,,estimated,0.8579422621800573
2.0,0.0,0.0,2.0,13.0,93.0,26.0,17.0,11.0,0.0,1.0,3.0,10.0,4.0,6.0,0.0,3.0,1.0,0.0,0.0,5.0,14.0,0.0,2.0,32.0,23.0,8.0,13.0,2.0,3.0,3.0,3.0,2.0,0.0,29.0,7.153846153846154,51.0,46.5,1.2727272727272727,2.0,5.0,54.0,0.5806451612903226,0.16129032258064516,0.043010752688172046,4549.0,286.0,1.0,0,0,0,0,0,0,0,0,0,0,1,0,0,0,0,0,0,0,0,mandelbrot.c,-lcsr,0.002811042002576869,0.009313094997196458,4.2983523772342045e-05,93,93,286.0,,estimated,0.30243611652411123
2.0,0.0,0.0,2.0,13.0,93.0,26.0,17.0,11.0,0.0,1.0,3.0,10.0,4.0,6.0,0.0,3.0,1.0,0.0,0.0,5.0,14.0,0.0,2.0,32.0,23.0,8.0,13.0,2.0,3.0,3.0,3.0,2.0,0.0,29.0,7.153846153846154,51.0,46.5,1.2727272727272727,2.0,5.0,54.0,0.5806451612903226,0.16129032258064516,0.043010752688172046,4549.0,286.0,1.0,0,1,0,0,1,1,0,0,0,1,0,0,0,1,0,0,0,0,0,mandelbrot.c,-sccp|-simplifycfg|-gvn|-reassociate|-lcssa,0.00497864700446371,0.009313094997196458,3.163796492643949e-05,93,76,213.0,,estimated,0.6095076491387458
2.0,0.0,0.0,2.0,13.0,93.0,26.0,17.0,11.0,0.0,1.0,3.0,10.0,4.0,6.0,0.0,3.0,1.0,0.0,0.0,5.0,14.0,0.0,2.0,32.0,23.0,8.0,13.0,2.0,3.0,3.0,3.0,2.0,0.0,29.0,7.153846153846154,51.0,46.5,1.2727272727272727,2.0,5.0,54.0,0.5806451612903226,0.16129032258064516,0.043010752688172046,4549.0,286.0,1.0,0,0,0,0,1,0,0,0,0,0,0,1,0,0,0,0,0,0,0,mandelbrot.c,-simplifycfg|-loop-unroll,0.0032927499996731058,0.009313094997196458,4.177261358894281e-05,93,95,290.0,,estimated,0.3386573501465026
1.0,0.0,0.0,0.0,7.0,62.0,18.0,13.0,7.0,0.0,0.0,1.0,6.0,2.0,4.0,0.0,2.0,0.0,0.0,0.0,15.0,0.0,0.0,0.0,22.0,22.0,0.0,7.0,1.0,1.0,2.0,2.0,2.0,0.0,34.0,8.857142857142858,62.0,62.0,1.3333333333333333,2.0,3.0,38.0,0.6129032258064516,0.0,0.03225806451612903,2794.0,199.0,0.0,0,0,0,0,0,0,0,0,0,0,0,0,0,0,0,0,0,0,0,matmul_trace.c,(none),0.0013094109963276424,0.0060425280025810935,9.585181608125488e-07,62,62,199.0,,estimated,0.0
1.0,0.0,0.0,0.0,7.0,62.0,18.0,13.0,7.0,0.0,0.0,1.0,6.0,2.0,4.0,0.0,2.0,0.0,0.0,0.0,15.0,0.0,0.0,0.0,22.0,22.0,0.0,7.0,1.0,1.0,2.0,2.0,2.0,0.0,34.0,8.857142857142858,62.0,62.0,1.3333333333333333,2.0,3.0,38.0,0.6129032258064516,0.0,0.03225806451612903,2794.0,199.0,0.0,1,1,1,0,1,1,0,1,0,0,0,0,0,0,0,0,0,0,0,matmul_trace.c,-sroa|-sccp|-instcombine|-simplifycfg|-gvn|-dce,0.005014609996578656,0.0060425280025810935,8.227168834422074e-07,62,34,92.0,,estimated,-0.29636980142307157
1.0,0.0,0.0,0.0,7.0,62.0,18.0,13.0,7.0,0.0,0.0,1.0,6.0,2.0,4.0,0.0,2.0,0.0,0.0,0.0,15.0,0.0,0.0,0.0,22.0,22.0,0.0,7.0,1.0,1.0,2.0,2.0,2.0,0.0,34.0,8.857142857142858,62.0,62.0,1.3333333333333333,2.0,3.0,38.0,0.6129032258064516,0.0,0.03225806451612903,2794.0,199.0,0.0,1,1,1,0,1,1,1,1,1,1,1,0,1,1,1,0,0,0,0,matmul_trace.c,-sroa|-sccp|-instcombine|-simplifycfg|-gvn|-dce|-adce|-dse|-reassociate|-lcsr|-loop-rotate|-lcssa|-tailcallelim,0.008300476998556405,0.0060425280025810935,7.695309314573998e-07,62,35,90.0,,estimated,-0.6930804127280199
1.0,0.0,0.0,0.0,7.0,62.0,18.0,13.0,7.0,0.0,0.0,1.0,6.0,2.0,4.0,0.0,2.0,0.0,0.0,0.0,15.0,0.0,0.0,0.0,22.0,22.0,0.0,7.0,1.0,1.0,2.0,2.0,2.0,0.0,34.0,8.857142857142858,62.0,62.0,1.3333333333333333,2.0,3.0,38.0,0.6129032258064516,0.0,0.03225806451612903,2794.0,199.0,0.0,1,1,1,1,1,1,1,1,1,1,1,1,1,1,1,1,1,1,1,matmul_trace.c,-sroa|-sccp|-instcombine|-simplifycfg|-gvn|-dce|-adce|-dse|-reassociate|-lcsr|-loop-rotate|-lcssa|-tailcallelim|-aggressive-instcombine|-loop-unroll|-ipsccp|-sinking|-globalopt|-constmerge,0.011476690997369587,0.0060425280025810935,7.76716205184647e-07,62,35,90.0,,estimated,-1.2289185379793053
1.0,0.0,0.0,0.0,7.0,62.0,18.0,13.0,7.0,0.0,0.0,1.0,6.0,2.0,4.0,0.0,2.0,0.0,0.0,0.0,15.0,0.0,0.0,0.0,22.0,22.0,0.0,7.0,1.0,1.0,2.0,2.0,2.0,0.0,34.0,8.857142857142858,62.0,62.0,1.3333333333333333,2.0,3.0,38.0,0.6129032258064516,0.0,0.03225806451612903,2794.0,199.0,0.0,1,0,0,0,1,0,0,0,0,0,0,0,0,0,0,0,0,0,0,matmul_trace.c,-sroa|-simplifycfg,0.002542077003454324,0.0060425280025810935,9.064191361375911e-07,62,50,154.0,,estimated,-0.08580296754769343
1.0,0.0,0.0,0.0,7.0,62.0,18.0,13.0,7.0,0.0,0.0,1.0,6.0,2.0,4.0,0.0,2.0,0.0,0.0,0.0,15.0,0.0,0.0,0.0,22.0,22.0,0.0,7.0,1.0,1.0,2.0,2.0,2.0,0.0,34.0,8.857142857142858,62.0,62.0,1.3333333333333333,2.0,3.0,38.0,0.6129032258064516,0.0,0.03225806451612903,2794.0,199.0,0.0,1,1,0,0,1,1,1,0,0,0,0,0,0,0,0,0,0,0,0,matmul_trace.c,-sroa|-sccp|-simplifycfg|-gvn|-dse,0.0043591799985733815,0.0060425280025810935,8.8668741513118e-07,62,39,110.0,,estimated,-0.2942565089091288
1.0,0.0,0.0,0.0,7.0,62.0,18.0,13.0,7.0,0.0,0.0,1.0,6.0,2.0,4.0,0.0,2.0,0.0,0.0,0.0,15.0,0.0,0.0,0.0,22.0,22.0,0.0,7.0,1.0,1.0,2.0,2.0,2.0,0.0,34.0,8.857142857142858,62.0,62.0,1.3333333333333333,2.0,3.0,38.0,0.6129032258064516,0.0,0.03225806451612903,2794.0,199.0,0.0,0,0,0,0,0,0,0,0,0,0,1,1,1,0,0,0,0,0,0,matmul_trace.c,-loop-rotate|-loop-unroll|-lcsr,0.0033427439993829466,0.0060425280025810935,9.917736594652634e-07,62,68,213.0,,estimated,-0.2988854383139268
1.0,0.0,0.0,0.0,7.0,62.0,18.0,13.0,7.0,0.0,0.0,1.0,6.0,2.0,4.0,0.0,2.0,0.0,0.0,0.0,15.0,0.0,0.0,0.0,22.0,22.0,0.0,7.0,1.0,1.0,2.0,2.0,2.0,0.0,34.0,8.857142857142858,62.0,62.0,1.3333333333333333,2.0,3.0,38.0,0.6129032258064516,0.0,0.03225806451612903,2794.0,199.0,0.0,0,1,0,0,0,0,0,0,0,1,0,0,0,0,0,0,0,0,0,matmul_trace.c,-sccp|-reassociate,0.0021149180029169656,0.0060425280025810935,9.722812507767908e-07,62,62,199.0,,estimated,-0.11447011430518829
1.0,0.0,0.0,0.0,7.0,62.0,18.0,13.0,7.0,0.0,0.0,1.0,6.0,2.0,4.0,0.0,2.0,0.0,0.0,0.0,15.0,0.0,0.0,0.0,22.0,22.0,0.0,7.0,1.0,1.0,2.0,2.0,2.0,0.0,34.0,8.857142857142858,62.0,62.0,1.3333333333333333,2.0,3.0,38.0,0.6129032258064516,0.0,0.03225806451612903,2794.0,199.0,0.0,0,0,0,0,1,0,1,0,1,0,0,0,0,0,0,0,1,0,0,matmul_trace.c,-simplifycfg|-dse|-adce|-ipsccp,0.0034101609999197535,0.0060425280025810935,9.6315337927956e-07,62,60,194.0,,estimated,-0.2696084254012777
1.0,0.0,0.0,0.0,7.0,62.0,18.0,13.0,7.0,0.0,0.0,1.0,6.0,2.0,4.0,0.0,2.0,0.0,0.0,0.0,15.0,0.0,0.0,0.0,22.0,22.0,0.0,7.0,1.0,1.0,2.0,2.0,2.0,0.0,34.0,8.857142857142858,62.0,62.0,1.3333333333333333,2.0,3.0,38.0,0.6129032258064516,0.0,0.03225806451612903,2794.0,199.0,0.0,0,0,0,0,1,0,1,0,0,0,0,1,1,0,0,0,0,0,0,matmul_trace.c,-simplifycfg|-dse|-loop-unroll|-loop-rotate,0.0038137009978527203,0.0060425280025810935,9.418720858296636e-07,62,66,208.0,,estimated,-0.2951120785606004
1.0,0.0,0.0,0.0,7.0,62.0,18.0,13.0,7.0,0.0,0.0,1.0,6.0,2.0,4.0,0.0,2.0,0.0,0.0,0.0,15.0,0.0,0.0,0.0,22.0,22.0,0.0,7.0,1.0,1.0,2.0,2.0,2.0,0.0,34.0,8.857142857142858,62.0,62.0,1.3333333333333333,2.0,3.0,38.0,0.6129032258064516,0.0,0.03225806451612903,2794.0,199.0,0.0,0,0,0,1,0,0,0,1,0,0,0,0,0,0,0,0,0,0,0,matmul_trace.c,-aggressive-instcombine|-dce,0.0020739549945574254,0.0060425280025810935,9.349575183956824e-07,62,62,199.0,,estimated,-0.06343425318347586
1.0,0.0,0.0,0.0,7.0,62.0,18.0,13.0,7.0,0.0,0.0,1.0,6.0,2.0,4.0,0.0,2.0,0.0,0.0,0.0,15.0,0.0,0.0,0.0,22.0,22.0,0.0,7.0,1.0,1.0,2.0,2.0,2.0,0.0,34.0,8.857142857142858,62.0,62.0,1.3333333333333333,2.0,3.0,38.0,0.6129032258064516,0.0,0.03225806451612903,2794.0,199.0,0.0,0,0,0,0,0,0,0,0,1,0,0,0,1,0,0,0,0,0,0,matmul_trace.c,-adce|-loop-rotate,0.0021442180004669353,0.0060425280025810935,9.377545106396187e-07,62,68,213.0,,estimated,-0.07542986485807572
1.0,0.0,0.0,0.0,7.0,62.0,18.0,13.0,7.0,0.0,0.0,1.0,6.0,2.0,4.0,0.0,2.0,0.0,0.0,0.0,15.0,0.0,0.0,0.0,22.0,22.0,0.0,7.0,1.0,1.0,2.0,2.0,2.0,0.0,34.0,8.857142857142858,62.0,62.0,1.3333333333333333,2.0,3.0,38.0,0.6129032258064516,0.0,0.03225806451612903,2794.0,199.0,0.0,0,0,0,0,1,0,1,1,0,0,0,0,0,0,0,0,0,0,0,matmul_trace.c,-simplifycfg|-dse|-dce,0.0025912159981089644,0.0060425280025810935,9.272037027815282e-07,62,60,194.0,,estimated,-0.11765400352934155
1.0,0.0,0.0,0.0,7.0,62.0,18.0,13.0,7.0,0.0,0.0,1.0,6.0,2.0,4.0,0.0,2.0,0.0,0.0,0.0,15.0,0.0,0.0,0.0,22.0,22.0,0.0,7.0,1.0,1.0,2.0,2.0,2.0,0.0,34.0,8.857142857142858,62.0,62.0,1.3333333333333333,2.0,3.0,38.0,0.6129032258064516,0.0,0.03225806451612903,2794.0,199.0,0.0,0,0,0,0,1,0,0,0,0,0,0,0,0,0,0,0,0,0,0,matmul_trace.c,-simplifycfg,0.0015241380024235696,0.0060425280025810935,9.138633246478563e-07,62,62,199.0,,estimated,0.027187013780259766
1.0,0.0,0.0,0.0,7.0,62.0,18.0,13.0,7.0,0.0,0.0,1.0,6.0,2.0,4.0,0.0,2.0,0.0,0.0,0.0,15.0,0.0,0.0,0.0,22.0,22.0,0.0,7.0,1.0,1.0,2.0,2.0,2.0,0.0,34.0,8.857142857142858,62.0,62.0,1.3333333333333333,2.0,3.0,38.0,0.6129032258064516,0.0,0.03225806451612903,2794.0,199.0,0.0,0,1,0,0,0,0,0,1,0,0,0,1,0,1,0,0,0,0,0,matmul_trace.c,-sccp|-dce|-loop-unroll|-lcssa,0.00310292599897366,0.0060425280025810935,9.183150873388769e-07,62,62,199.0,,estimated,-0.17106137670219743
1.0,0.0,0.0,0.0,7.0,62.0,18.0,13.0,7.0,0.0,0.0,1.0,6.0,2.0,4.0,0.0,2.0,0.0,0.0,0.0,15.0,0.0,0.0,0.0,22.0,22.0,0.0,7.0,1.0,1.0,2.0,2.0,2.0,0.0,34.0,8.857142857142858,62.0,62.0,1.3333333333333333,2.0,3.0,38.0,0.6129032258064516,0.0,0.03225806451612903,2794.0,199.0,0.0,1,0,0,0,0,0,0,0,1,0,1,1,0,0,0,1,0,1,0,matmul_trace.c,-sroa|-adce|-lcsr|-loop-unroll|-sinking|-constmerge,0.004215397006191779,0.0060425280025810935,8.670107417368024e-07,62,51,155.0,,estimated,-0.24891183867300534
1.0,0.0,0.0,0.0,7.0,62.0,18.0,13.0,7.0,0.0,0.0,1.0,6.0,2.0,4.0,0.0,2.0,0.0,0.0,0.0,15.0,0.0,0.0,0.0,22.0,22.0,0.0,7.0,1.0,1.0,2.0,2.0,2.0,0.0,34.0,8.857142857142858,62.0,62.0,1.3333333333333333,2.0,3.0,38.0,0.6129032258064516,0.0,0.03225806451612903,2794.0,199.0,0.0,0,0,0,0,0,0,0,0,0,0,1,0,0,0,0,0,0,0,0,matmul_trace.c,-lcsr,0.0015962539982865565,0.0060425280025810935,9.208614694379259e-07,62,62,199.0,,estimated,0.010566879570126647
1.0,0.0,0.0,0.0,7.0,62.0,18.0,13.0,7.0,0.0,0.0,1.0,6.0,2.0,4.0,0.0,2.0,0.0,0.0,0.0,15.0,0.0,0.0,0.0,22.0,22.0,0.0,7.0,1.0,1.0,2.0,2.0,2.0,0.0,34.0,8.857142857142858,62.0,62.0,1.3333333333333333,2.0,3.0,38.0,0.6129032258064516,0.0,0.03225806451612903,2794.0,199.0,0.0,0,1,0,0,1,1,0,0,0,1,0,0,0,1,0,0,0,0,0,matmul_trace.c,-sccp|-simplifycfg|-gvn|-reassociate|-lcssa,0.0038242520022322424,0.0060425280025810935,8.915772237334388e-07,62,50,151.0,,estimated,-0.22978743301123022
1.0,0.0,0.0,0.0,7.0,62.0,18.0,13.0,7.0,0.0,0.0,1.0,6.0,2.0,4.0,0.0,2.0,0.0,0.0,0.0,15.0,0.0,0.0,0.0,22.0,22.0,0.0,7.0,1.0,1.0,2.0,2.0,2.0,0.0,34.0,8.857142857142858,62.0,62.0,1.3333333333333333,2.0,3.0,38.0,0.6129032258064516,0.0,0.03225806451612903,2794.0,199.0,0.0,0,0,0,0,1,0,0,0,0,0,0,1,0,0,0,0,0,0,0,matmul_trace.c,-simplifycfg|-loop-unroll,0.0023196949987323023,0.0060425280025810935,9.543853113075252e-07,62,62,199.0,,estimated,-0.1176908415355599
2.0,0.0,0.0,1.0,12.0,61.0,18.0,10.0,6.0,0.0,1.0,2.0,10.0,4.0,6.0,0.0,1.0,3.0,0.0,0.0,2.0,8.0,0.0,0.0,18.0,11.0,6.0,12.0,2.0,2.0,2.0,2.0,1.0,2.0,11.0,5.083333333333333,37.0,30.5,1.4,2.0,6.0,34.0,0.5573770491803278,0.18032786885245902,0.06557377049180328,3230.0,197.0,1.0,0,0,0,0,0,0,0,0,0,0,0,0,0,0,0,0,0,0,0,newton_sqrt.c,(none),0.0011344850063323975,0.005761940003139898,1.244859212372256e-05,61,61,197.0,,estimated,0.0
2.0,0.0,0.0,1.0,12.0,61.0,18.0,10.0,6.0,0.0,1.0,2.0,10.0,4.0,6.0,0.0,1.0,3.0,0.0,0.0,2.0,8.0,0.0,0.0,18.0,11.0,6.0,12.0,2.0,2.0,2.0,2.0,1.0,2.0,11.0,5.083333333333333,37.0,30.5,1.4,2.0,6.0,34.0,0.5573770491803278,0.18032786885245902,0.06557377049180328,3230.0,197.0,1.0,1,1,1,0,1,1,0,1,0,0,0,0,0,0,0,0,0,0,0,newton_sqrt.c,-sroa|-sccp|-instcombine|-simplifycfg|-gvn|-dce,0.005006295003113337,0.005761940003139898,6.224209311429065e-06,61,32,82.0,,estimated,0.6911877114435243
2.0,0.0,0.0,1.0,12.0,61.0,18.0,10.0,6.0,0.0,1.0,2.0,10.0,4.0,6.0,0.0,1.0,3.0,0.0,0.0,2.0,8.0,0.0,0.0,18.0,11.0,6.0,12.0,2.0,2.0,2.0,2.0,1.0,2.0,11.0,5.083333333333333,37.0,30.5,1.4,2.0,6.0,34.0,0.5573770491803278,0.18032786885245902,0.06557377049180328,3230.0,197.0,1.0,1,1,1,0,1,1,1,1,1,1,1,0,1,1,1,0,0,0,0,newton_sqrt.c,-sroa|-sccp|-instcombine|-simplifycfg|-gvn|-dce|-adce|-dse|-reassociate|-lcsr|-loop-rotate|-lcssa|-tailcallelim,0.010661738000635523,0.005761940003139898,6.2170779575214925e-06,61,32,80.0,,estimated,0.6421427539624939
2.0,0.0,0.0,1.0,12.0,61.0,18.0,10.0,6.0,0.0,1.0,2.0,10.0,4.0,6.0,0.0,1.0,3.0,0.0,0.0,2.0,8.0,0.0,0.0,18.0,11.0,6.0,12.0,2.0,2.0,2.0,2.0,1.0,2.0,11.0,5.083333333333333,37.0,30.5,1.4,2.0,6.0,34.0,0.5573770491803278,0.18032786885245902,0.06557377049180328,3230.0,197.0,1.0,1,1,1,1,1,1,1,1,1,1,1,1,1,1,1,1,1,1,1,newton_sqrt.c,-sroa|-sccp|-instcombine|-simplifycfg|-gvn|-dce|-adce|-dse|-reassociate|-lcsr|-loop-rotate|-lcssa|-tailcallelim|-aggressive-instcombine|-loop-unroll|-ipsccp|-sinking|-globalopt|-constmerge,0.013746476994128898,0.005761940003139898,6.2491520332735715e-06,61,95,441.0,,estimated,0.6104591439427395
2.0,0.0,0.0,1.0,12.0,61.0,18.0,10.0,6.0,0.0,1.0,2.0,10.0,4.0,6.0,0.0,1.0,3.0,0.0,0.0,2.0,8.0,0.0,0.0,18.0,11.0,6.0,12.0,2.0,2.0,2.0,2.0,1.0,2.0,11.0,5.083333333333333,37.0,30.5,1.4,2.0,6.0,34.0,0.5573770491803278,0.18032786885245902,0.06557377049180328,3230.0,197.0,1.0,1,0,0,0,1,0,0,0,0,0,0,0,0,0,0,0,0,0,0,newton_sqrt.c,-sroa|-simplifycfg,0.002524650997656863,0.005761940003139898,6.240689185073574e-06,61,37,102.0,,estimated,0.7104758931774946
2.0,0.0,0.0,1.0,12.0,61.0,18.0,10.0,6.0,0.0,1.0,2.0,10.0,4.0,6.0,0.0,1.0,3.0,0.0,0.0,2.0,8.0,0.0,0.0,18.0,11.0,6.0,12.0,2.0,2.0,2.0,2.0,1.0,2.0,11.0,5.083333333333333,37.0,30.5,1.4,2.0,6.0,34.0,0.5573770491803278,0.18032786885245902,0.06557377049180328,3230.0,197.0,1.0,1,1,0,0,1,1,1,0,0,0,0,0,0,0,0,0,0,0,0,newton_sqrt.c,-sroa|-sccp|-simplifycfg|-gvn|-dse,0.004350652001448907,0.005761940003139898,6.165013069726734e-06,61,32,82.0,,estimated,0.7016515481149495
2.0,0.0,0.0,1.0,12.0,61.0,18.0,10.0,6.0,0.0,1.0,2.0,10.0,4.0,6.0,0.0,1.0,3.0,0.0,0.0,2.0,8.0,0.0,0.0,18.0,11.0,6.0,12.0,2.0,2.0,2.0,2.0,1.0,2.0,11.0,5.083333333333333,37.0,30.5,1.4,2.0,6.0,34.0,0.5573770491803278,0.18032786885245902,0.06557377049180328,3230.0,197.0,1.0,0,0,0,0,0,0,0,0,0,0,1,1,1,0,0,0,0,0,0,newton_sqrt.c,-loop-rotate|-loop-unroll|-lcsr,0.0034586990004754625,0.005761940003139898,1.1394337081910225e-05,61,67,212.0,,estimated,0.12119278710796438
2.0,0.0,0.0,1.0,12.0,61.0,18.0,10.0,6.0,0.0,1.0,2.0,10.0,4.0,6.0,0.0,1.0,3.0,0.0,0.0,2.0,8.0,0.0,0.0,18.0,11.0,6.0,12.0,2.0,2.0,2.0,2.0,1.0,2.0,11.0,5.083333333333333,37.0,30.5,1.4,2.0,6.0,34.0,0.5573770491803278,0.18032786885245902,0.06557377049180328,3230.0,197.0,1.0,0,1,0,0,0,0,0,0,0,1,0,0,0,0,0,0,0,0,0,newton_sqrt.c,-sccp|-reassociate,0.0024970349986688234,0.005761940003139898,1.335097904238928e-05,61,61,197.0,,estimated,-0.1643594925676499
2.0,0.0,0.0,1.0,12.0,61.0,18.0,10.0,6.0,0.0,1.0,2.0,10.0,4.0,6.0,0.0,1.0,3.0,0.0,0.0,2.0,8.0,0.0,0.0,18.0,11.0,6.0,12.0,2.0,2.0,2.0,2.0,1.0,2.0,11.0,5.083333333333333,37.0,30.5,1.4,2.0,6.0,34.0,0.5573770491803278,0.18032786885245902,0.06557377049180328,3230.0,197.0,1.0,0,0,0,0,1,0,1,0,1,0,0,0,0,0,0,0,1,0,0,newton_sqrt.c,-simplifycfg|-dse|-adce|-ipsccp,0.003762306005228311,0.005761940003139898,1.228668874234504e-05,61,60,195.0,,estimated,-0.015415466031506337
2.0,0.0,0.0,1.0,12.0,61.0,18.0,10.0,6.0,0.0,1.0,2.0,10.0,4.0,6.0,0.0,1.0,3.0,0.0,0.0,2.0,8.0,0.0,0.0,18.0,11.0,6.0,12.0,2.0,2.0,2.0,2.0,1.0,2.0,11.0,5.083333333333333,37.0,30.5,1.4,2.0,6.0,34.0,0.5573770491803278,0.18032786885245902,0.06557377049180328,3230.0,197.0,1.0,0,0,0,0,1,0,1,0,0,0,0,1,1,0,0,0,0,0,0,newton_sqrt.c,-simplifycfg|-dse|-loop-unroll|-loop-rotate,0.0048372509991168045,0.005761940003139898,1.1784366894094549e-05,61,66,210.0,,estimated,0.044246476795655756
2.0,0.0,0.0,1.0,12.0,61.0,18.0,10.0,6.0,0.0,1.0,2.0,10.0,4.0,6.0,0.0,1.0,3.0,0.0,0.0,2.0,8.0,0.0,0.0,18.0,11.0,6.0,12.0,2.0,2.0,2.0,2.0,1.0,2.0,11.0,5.083333333333333,37.0,30.5,1.4,2.0,6.0,34.0,0.5573770491803278,0.18032786885245902,0.06557377049180328,3230.0,197.0,1.0,0,0,0,1,0,0,0,1,0,0,0,0,0,0,0,0,0,0,0,newton_sqrt.c,-aggressive-instcombine|-dce,0.0024532559982617386,0.005761940003139898,1.394527612658871e-05,61,61,197.0,,estimated,-0.2632767632988387
2.0,0.0,0.0,1.0,12.0,61.0,18.0,10.0,6.0,0.0,1.0,2.0,10.0,4.0,6.0,0.0,1.0,3.0,0.0,0.0,2.0,8.0,0.0,0.0,18.0,11.0,6.0,12.0,2.0,2.0,2.0,2.0,1.0,2.0,11.0,5.083333333333333,37.0,30.5,1.4,2.0,6.0,34.0,0.5573770491803278,0.18032786885245902,0.06557377049180328,3230.0,197.0,1.0,0,0,0,0,0,0,0,0,1,0,0,0,1,0,0,0,0,0,0,newton_sqrt.c,-adce|-loop-rotate,0.002872938996006269,0.005761940003139898,1.2609941169263466e-05,61,67,212.0,,estimated,-0.05167670468700101
2.0,0.0,0.0,1.0,12.0,61.0,18.0,10.0,6.0,0.0,1.0,2.0,10.0,4.0,6.0,0.0,1.0,3.0,0.0,0.0,2.0,8.0,0.0,0.0,18.0,11.0,6.0,12.0,2.0,2.0,2.0,2.0,1.0,2.0,11.0,5.083333333333333,37.0,30.5,1.4,2.0,6.0,34.0,0.5573770491803278,0.18032786885245902,0.06557377049180328,3230.0,197.0,1.0,0,0,0,0,1,0,1,1,0,0,0,0,0,0,0,0,0,0,0,newton_sqrt.c,-simplifycfg|-dse|-dce,0.003387353994185105,0.005761940003139898,1.3717955530241683e-05,61,60,195.0,,estimated,-0.2404689220989994
2.0,0.0,0.0,1.0,12.0,61.0,18.0,10.0,6.0,0.0,1.0,2.0,10.0,4.0,6.0,0.0,1.0,3.0,0.0,0.0,2.0,8.0,0.0,0.0,18.0,11.0,6.0,12.0,2.0,2.0,2.0,2.0,1.0,2.0,11.0,5.083333333333333,37.0,30.5,1.4,2.0,6.0,34.0,0.5573770491803278,0.18032786885245902,0.06557377049180328,3230.0,197.0,1.0,0,0,0,0,1,0,0,0,0,0,0,0,0,0,0,0,0,0,0,newton_sqrt.c,-simplifycfg,0.001989393997064326,0.005761940003139898,1.3674672103303745e-05,61,60,195.0,,estimated,-0.20962283378870541
2.0,0.0,0.0,1.0,12.0,61.0,18.0,10.0,6.0,0.0,1.0,2.0,10.0,4.0,6.0,0.0,1.0,3.0,0.0,0.0,2.0,8.0,0.0,0.0,18.0,11.0,6.0,12.0,2.0,2.0,2.0,2.0,1.0,2.0,11.0,5.083333333333333,37.0,30.5,1.4,2.0,6.0,34.0,0.5573770491803278,0.18032786885245902,0.06557377049180328,3230.0,197.0,1.0,0,1,0,0,0,0,0,1,0,0,0,1,0,1,0,0,0,0,0,newton_sqrt.c,-sccp|-dce|-loop-unroll|-lcssa,0.0037172540032770485,0.005761940003139898,1.302711343217694e-05,61,61,197.0,,estimated,-0.13144030952195088
2.0,0.0,0.0,1.0,12.0,61.0,18.0,10.0,6.0,0.0,1.0,2.0,10.0,4.0,6.0,0.0,1.0,3.0,0.0,0.0,2.0,8.0,0.0,0.0,18.0,11.0,6.0,12.0,2.0,2.0,2.0,2.0,1.0,2.0,11.0,5.083333333333333,37.0,30.5,1.4,2.0,6.0,34.0,0.5573770491803278,0.18032786885245902,0.06557377049180328,3230.0,197.0,1.0,1,0,0,0,0,0,0,0,1,0,1,1,0,0,0,1,0,1,0,newton_sqrt.c,-sroa|-adce|-lcsr|-loop-unroll|-sinking|-constmerge,0.006919211999047548,0.005761940003139898,6.435121114327086e-06,61,130,519.0,,estimated,0.6562264843847403
2.0,0.0,0.0,1.0,12.0,61.0,18.0,10.0,6.0,0.0,1.0,2.0,10.0,4.0,6.0,0.0,1.0,3.0,0.0,0.0,2.0,8.0,0.0,0.0,18.0,11.0,6.0,12.0,2.0,2.0,2.0,2.0,1.0,2.0,11.0,5.083333333333333,37.0,30.5,1.4,2.0,6.0,34.0,0.5573770491803278,0.18032786885245902,0.06557377049180328,3230.0,197.0,1.0,0,0,0,0,0,0,0,0,0,0,1,0,0,0,0,0,0,0,0,newton_sqrt.c,-lcsr,0.0017862210006569512,0.005761940003139898,1.19241738965972e-05,61,61,197.0,,estimated,0.06868780074530986
2.0,0.0,0.0,1.0,12.0,61.0,18.0,10.0,6.0,0.0,1.0,2.0,10.0,4.0,6.0,0.0,1.0,3.0,0.0,0.0,2.0,8.0,0.0,0.0,18.0,11.0,6.0,12.0,2.0,2.0,2.0,2.0,1.0,2.0,11.0,5.083333333333333,37.0,30.5,1.4,2.0,6.0,34.0,0.5573770491803278,0.18032786885245902,0.06557377049180328,3230.0,197.0,1.0,0,1,0,0,1,1,0,0,0,1,0,0,0,1,0,0,0,0,0,newton_sqrt.c,-sccp|-simplifycfg|-gvn|-reassociate|-lcssa,0.003994748003606219,0.005761940003139898,1.0741659108051946e-05,61,47,143.0,,estimated,0.20460447914754865
2.0,0.0,0.0,1.0,12.0,61.0,18.0,10.0,6.0,0.0,1.0,2.0,10.0,4.0,6.0,0.0,1.0,3.0,0.0,0.0,2.0,8.0,0.0,0.0,18.0,11.0,6.0,12.0,2.0,2.0,2.0,2.0,1.0,2.0,11.0,5.083333333333333,37.0,30.5,1.4,2.0,6.0,34.0,0.5573770491803278,0.18032786885245902,0.06557377049180328,3230.0,197.0,1.0,0,0,0,0,1,0,0,0,0,0,0,1,0,0,0,0,0,0,0,newton_sqrt.c,-simplifycfg|-loop-unroll,0.0024798900049063377,0.005761940003139898,1.1991249994025566e-05,61,60,195.0,,estimated,0.048535603120174076
2.0,0.0,0.0,1.0,7.0,55.0,15.0,13.0,6.0,0.0,1.0,2.0,5.0,2.0,3.0,0.0,1.0,1.0,0.0,0.0,2.0,9.0,0.0,0.0,21.0,11.0,9.0,7.0,2.0,2.0,1.0,1.0,1.0,1.0,25.0,7.857142857142857,30.0,27.5,1.4,2.0,4.0,34.0,0.6181818181818182,0.18181818181818182,0.03636363636363636,2686.0,183.0,1.0,0,0,0,0,0,0,0,0,0,0,0,0,0,0,0,0,0,0,0,poly_horner.c,(none),0.0008745570012251846,0.0051646270003402606,1.495630470647787e-06,55,55,183.0,,estimated,0.0
2.0,0.0,0.0,1.0,7.0,55.0,15.0,13.0,6.0,0.0,1.0,2.0,5.0,2.0,3.0,0.0,1.0,1.0,0.0,0.0,2.0,9.0,0.0,0.0,21.0,11.0,9.0,7.0,2.0,2.0,1.0,1.0,1.0,1.0,25.0,7.857142857142857,30.0,27.5,1.4,2.0,4.0,34.0,0.6181818181818182,0.18181818181818182,0.03636363636363636,2686.0,183.0,1.0,1,1,1,0,1,1,0,1,0,0,0,0,0,0,0,0,0,0,0,poly_horner.c,-sroa|-sccp|-instcombine|-simplifycfg|-gvn|-dce,0.004509313999733422,0.0051646270003402606,1.4216203358521296e-06,55,23,65.0,,estimated,-0.29474896310337195
2.0,0.0,0.0,1.0,7.0,55.0,15.0,13.0,6.0,0.0,1.0,2.0,5.0,2.0,3.0,0.0,1.0,1.0,0.0,0.0,2.0,9.0,0.0,0.0,21.0,11.0,9.0,7.0,2.0,2.0,1.0,1.0,1.0,1.0,25.0,7.857142857142857,30.0,27.5,1.4,2.0,4.0,34.0,0.6181818181818182,0.18181818181818182,0.03636363636363636,2686.0,183.0,1.0,1,1,1,0,1,1,1,1,1,1,1,0,1,1,1,0,0,0,0,poly_horner.c,-sroa|-sccp|-instcombine|-simplifycfg|-gvn|-dce|-adce|-dse|-reassociate|-lcsr|-loop-rotate|-lcssa|-tailcallelim,0.007909174004453234,0.0051646270003402606,1.4065825996600922e-06,55,23,64.0,,estimated,-0.6709204448687249
2.0,0.0,0.0,1.0,7.0,55.0,15.0,13.0,6.0,0.0,1.0,2.0,5.0,2.0,3.0,0.0,1.0,1.0,0.0,0.0,2.0,9.0,0.0,0.0,21.0,11.0,9.0,7.0,2.0,2.0,1.0,1.0,1.0,1.0,25.0,7.857142857142857,30.0,27.5,1.4,2.0,4.0,34.0,0.6181818181818182,0.18181818181818182,0.03636363636363636,2686.0,183.0,1.0,1,1,1,1,1,1,1,1,1,1,1,1,1,1,1,1,1,1,1,poly_horner.c,-sroa|-sccp|-instcombine|-simplifycfg|-gvn|-dce|-adce|-dse|-reassociate|-lcsr|-loop-rotate|-lcssa|-tailcallelim|-aggressive-instcombine|-loop-unroll|-ipsccp|-sinking|-globalopt|-constmerge,0.011031811001885217,0.0051646270003402606,1.4241453338279079e-06,55,23,64.0,,estimated,-1.1017310894102363
2.0,0.0,0.0,1.0,7.0,55.0,15.0,13.0,6.0,0.0,1.0,2.0,5.0,2.0,3.0,0.0,1.0,1.0,0.0,0.0,2.0,9.0,0.0,0.0,21.0,11.0,9.0,7.0,2.0,2.0,1.0,1.0,1.0,1.0,25.0,7.857142857142857,30.0,27.5,1.4,2.0,4.0,34.0,0.6181818181818182,0.18181818181818182,0.03636363636363636,2686.0,183.0,1.0,1,0,0,0,1,0,0,0,0,0,0,0,0,0,0,0,0,0,0,poly_horner.c,-sroa|-simplifycfg,0.0024759119987720624,0.0051646270003402606,1.516511996227634e-06,55,26,74.0,,estimated,-0.17986759907845143
2.0,0.0,0.0,1.0,7.0,55.0,15.0,13.0,6.0,0.0,1.0,2.0,5.0,2.0,3.0,0.0,1.0,1.0,0.0,0.0,2.0,9.0,0.0,0.0,21.0,11.0,9.0,7.0,2.0,2.0,1.0,1.0,1.0,1.0,25.0,7.857142857142857,30.0,27.5,1.4,2.0,4.0,34.0,0.6181818181818182,0.18181818181818182,0.03636363636363636,2686.0,183.0,1.0,1,1,0,0,1,1,1,0,0,0,0,0,0,0,0,0,0,0,0,poly_horner.c,-sroa|-sccp|-simplifycfg|-gvn|-dse,0.004962245002388954,0.0051646270003402606,1.487705359313478e-06,55,25,70.0,,estimated,-0.4182879714417278
2.0,0.0,0.0,1.0,7.0,55.0,15.0,13.0,6.0,0.0,1.0,2.0,5.0,2.0,3.0,0.0,1.0,1.0,0.0,0.0,2.0,9.0,0.0,0.0,21.0,11.0,9.0,7.0,2.0,2.0,1.0,1.0,1.0,1.0,25.0,7.857142857142857,30.0,27.5,1.4,2.0,4.0,34.0,0.6181818181818182,0.18181818181818182,0.03636363636363636,2686.0,183.0,1.0,0,0,0,0,0,0,0,0,0,0,1,1,1,0,0,0,0,0,0,poly_horner.c,-loop-rotate|-loop-unroll|-lcsr,0.003246788000978995,0.0051646270003402606,1.492313232095296e-06,55,58,190.0,,estimated,-0.23522702341317608
2.0,0.0,0.0,1.0,7.0,55.0,15.0,13.0,6.0,0.0,1.0,2.0,5.0,2.0,3.0,0.0,1.0,1.0,0.0,0.0,2.0,9.0,0.0,0.0,21.0,11.0,9.0,7.0,2.0,2.0,1.0,1.0,1.0,1.0,25.0,7.857142857142857,30.0,27.5,1.4,2.0,4.0,34.0,0.6181818181818182,0.18181818181818182,0.03636363636363636,2686.0,183.0,1.0,0,1,0,0,0,0,0,0,0,1,0,0,0,0,0,0,0,0,0,poly_horner.c,-sccp|-reassociate,0.00201958399702562,0.0051646270003402606,1.5061530335925077e-06,55,55,183.0,,estimated,-0.1226433030191837
2.0,0.0,0.0,1.0,7.0,55.0,15.0,13.0,6.0,0.0,1.0,2.0,5.0,2.0,3.0,0.0,1.0,1.0,0.0,0.0,2.0,9.0,0.0,0.0,21.0,11.0,9.0,7.0,2.0,2.0,1.0,1.0,1.0,1.0,25.0,7.857142857142857,30.0,27.5,1.4,2.0,4.0,34.0,0.6181818181818182,0.18181818181818182,0.03636363636363636,2686.0,183.0,1.0,0,0,0,0,1,0,1,0,1,0,0,0,0,0,0,0,1,0,0,poly_horner.c,-simplifycfg|-dse|-adce|-ipsccp,0.003368987003341317,0.0051646270003402606,1.5572324613429315e-06,55,54,179.0,,estimated,-0.31824495073182174
2.0,0.0,0.0,1.0,7.0,55.0,15.0,13.0,6.0,0.0,1.0,2.0,5.0,2.0,3.0,0.0,1.0,1.0,0.0,0.0,2.0,9.0,0.0,0.0,21.0,11.0,9.0,7.0,2.0,2.0,1.0,1.0,1.0,1.0,25.0,7.857142857142857,30.0,27.5,1.4,2.0,4.0,34.0,0.6181818181818182,0.18181818181818182,0.03636363636363636,2686.0,183.0,1.0,0,0,0,0,1,0,1,0,0,0,0,1,1,0,0,0,0,0,0,poly_horner.c,-simplifycfg|-dse|-loop-unroll|-loop-rotate,0.009522453001409303,0.0051646270003402606,2.5754483356766883e-06,55,57,186.0,,estimated,-2.7102561664859905
2.0,0.0,0.0,1.0,7.0,55.0,15.0,13.0,6.0,0.0,1.0,2.0,5.0,2.0,3.0,0.0,1.0,1.0,0.0,0.0,2.0,9.0,0.0,0.0,21.0,11.0,9.0,7.0,2.0,2.0,1.0,1.0,1.0,1.0,25.0,7.857142857142857,30.0,27.5,1.4,2.0,4.0,34.0,0.6181818181818182,0.18181818181818182,0.03636363636363636,2686.0,183.0,1.0,0,0,0,1,0,0,0,1,0,0,0,0,0,0,0,0,0,0,0,poly_horner.c,-aggressive-instcombine|-dce,0.0026432820013724267,0.0051646270003402606,1.9247784594242175e-06,55,55,183.0,,estimated,-0.6606012774690871
2.0,0.0,0.0,1.0,7.0,55.0,15.0,13.0,6.0,0.0,1.0,2.0,5.0,2.0,3.0,0.0,1.0,1.0,0.0,0.0,2.0,9.0,0.0,0.0,21.0,11.0,9.0,7.0,2.0,2.0,1.0,1.0,1.0,1.0,25.0,7.857142857142857,30.0,27.5,1.4,2.0,4.0,34.0,0.6181818181818182,0.18181818181818182,0.03636363636363636,2686.0,183.0,1.0,0,0,0,0,0,0,0,0,1,0,0,0,1,0,0,0,0,0,0,poly_horner.c,-adce|-loop-rotate,0.0026313170019420795,0.0051646270003402606,1.7711243933575129e-06,55,58,190.0,,estimated,-0.47595524237513404
2.0,0.0,0.0,1.0,7.0,55.0,15.0,13.0,6.0,0.0,1.0,2.0,5.0,2.0,3.0,0.0,1.0,1.0,0.0,0.0,2.0,9.0,0.0,0.0,21.0,11.0,9.0,7.0,2.0,2.0,1.0,1.0,1.0,1.0,25.0,7.857142857142857,30.0,27.5,1.4,2.0,4.0,34.0,0.6181818181818182,0.18181818181818182,0.03636363636363636,2686.0,183.0,1.0,0,0,0,0,1,0,1,1,0,0,0,0,0,0,0,0,0,0,0,poly_horner.c,-simplifycfg|-dse|-dce,0.003045589997782372,0.0051646270003402606,1.649050283968948e-06,55,54,179.0,,estimated,-0.384099282375393
2.0,0.0,0.0,1.0,7.0,55.0,15.0,13.0,6.0,0.0,1.0,2.0,5.0,2.0,3.0,0.0,1.0,1.0,0.0,0.0,2.0,9.0,0.0,0.0,21.0,11.0,9.0,7.0,2.0,2.0,1.0,1.0,1.0,1.0,25.0,7.857142857142857,30.0,27.5,1.4,2.0,4.0,34.0,0.6181818181818182,0.18181818181818182,0.03636363636363636,2686.0,183.0,1.0,0,0,0,0,1,0,0,0,0,0,0,0,0,0,0,0,0,0,0,poly_horner.c,-simplifycfg,0.0018916460030595772,0.0051646270003402606,1.7000051650766106e-06,55,55,183.0,,estimated,-0.3128242075883478
2.0,0.0,0.0,1.0,7.0,55.0,15.0,13.0,6.0,0.0,1.0,2.0,5.0,2.0,3.0,0.0,1.0,1.0,0.0,0.0,2.0,9.0,0.0,0.0,21.0,11.0,9.0,7.0,2.0,2.0,1.0,1.0,1.0,1.0,25.0,7.857142857142857,30.0,27.5,1.4,2.0,4.0,34.0,0.6181818181818182,0.18181818181818182,0.03636363636363636,2686.0,183.0,1.0,0,1,0,0,0,0,0,1,0,0,0,1,0,1,0,0,0,0,0,poly_horner.c,-sccp|-dce|-loop-unroll|-lcssa,0.003622374002588913,0.0051646270003402606,1.6836400027386844e-06,55,55,183.0,,estimated,-0.48943505590944936
2.0,0.0,0.0,1.0,7.0,55.0,15.0,13.0,6.0,0.0,1.0,2.0,5.0,2.0,3.0,0.0,1.0,1.0,0.0,0.0,2.0,9.0,0.0,0.0,21.0,11.0,9.0,7.0,2.0,2.0,1.0,1.0,1.0,1.0,25.0,7.857142857142857,30.0,27.5,1.4,2.0,4.0,34.0,0.6181818181818182,0.18181818181818182,0.03636363636363636,2686.0,183.0,1.0,1,0,0,0,0,0,0,0,1,0,1,1,0,0,0,1,0,1,0,poly_horner.c,-sroa|-adce|-lcsr|-loop-unroll|-sinking|-constmerge,0.005803495994769037,0.0051646270003402606,1.4089551335409588e-06,55,29,79.0,,estimated,-0.42439206235949734
2.0,0.0,0.0,1.0,7.0,55.0,15.0,13.0,6.0,0.0,1.0,2.0,5.0,2.0,3.0,0.0,1.0,1.0,0.0,0.0,2.0,9.0,0.0,0.0,21.0,11.0,9.0,7.0,2.0,2.0,1.0,1.0,1.0,1.0,25.0,7.857142857142857,30.0,27.5,1.4,2.0,4.0,34.0,0.6181818181818182,0.18181818181818182,0.03636363636363636,2686.0,183.0,1.0,0,0,0,0,0,0,0,0,0,0,1,0,0,0,0,0,0,0,0,poly_horner.c,-lcsr,0.0017465900018578395,0.0051646270003402606,1.6629431731337325e-06,55,55,183.0,,estimated,-0.25714356816475825
2.0,0.0,0.0,1.0,7.0,55.0,15.0,13.0,6.0,0.0,1.0,2.0,5.0,2.0,3.0,0.0,1.0,1.0,0.0,0.0,2.0,9.0,0.0,0.0,21.0,11.0,9.0,7.0,2.0,2.0,1.0,1.0,1.0,1.0,25.0,7.857142857142857,30.0,27.5,1.4,2.0,4.0,34.0,0.6181818181818182,0.18181818181818182,0.03636363636363636,2686.0,183.0,1.0,0,1,0,0,1,1,0,0,0,1,0,0,0,1,0,0,0,0,0,poly_horner.c,-sccp|-simplifycfg|-gvn|-reassociate|-lcssa,0.004216471003019251,0.0051646270003402606,2.2832329141922983e-06,55,44,139.0,,estimated,-1.3540836253803186
2.0,0.0,0.0,1.0,7.0,55.0,15.0,13.0,6.0,0.0,1.0,2.0,5.0,2.0,3.0,0.0,1.0,1.0,0.0,0.0,2.0,9.0,0.0,0.0,21.0,11.0,9.0,7.0,2.0,2.0,1.0,1.0,1.0,1.0,25.0,7.857142857142857,30.0,27.5,1.4,2.0,4.0,34.0,0.6181818181818182,0.18181818181818182,0.03636363636363636,2686.0,183.0,1.0,0,0,0,0,1,0,0,0,0,0,0,1,0,0,0,0,0,0,0,poly_horner.c,-simplifycfg|-loop-unroll,0.002455752000969369,0.0051646270003402606,1.5854303129249472e-06,55,55,183.0,,estimated,-0.2501077980534822
3.0,0.0,0.0,2.0,15.0,57.0,15.0,8.0,5.0,0.0,2.0,5.0,10.0,5.0,5.0,0.0,5.0,0.0,0.0,0.0,7.0,0.0,0.0,0.0,20.0,18.0,0.0,15.0,3.0,5.0,2.0,2.0,1.0,1.0,9.0,3.8,30.0,19.0,1.25,2.0,6.0,28.0,0.49122807017543857,0.0,0.08771929824561403,3085.0,176.0,0.0,0,0,0,0,0,0,0,0,0,0,0,0,0,0,0,0,0,0,0,prime_count.c,(none),0.0010904270020546392,0.007892353998613544,8.679812811624736e-06,57,57,176.0,,estimated,0.0
3.0,0.0,0.0,2.0,15.0,57.0,15.0,8.0,5.0,0.0,2.0,5.0,10.0,5.0,5.0,0.0,5.0,0.0,0.0,0.0,7.0,0.0,0.0,0.0,20.0,18.0,0.0,15.0,3.0,5.0,2.0,2.0,1.0,1.0,9.0,3.8,30.0,19.0,1.25,2.0,6.0,28.0,0.49122807017543857,0.0,0.08771929824561403,3085.0,176.0,0.0,1,1,1,0,1,1,0,1,0,0,0,0,0,0,0,0,0,0,0,prime_count.c,-sroa|-sccp|-instcombine|-simplifycfg|-gvn|-dce,0.005719355001929216,0.007892353998613544,8.5422910677221e-06,57,31,80.0,,estimated,-0.06909467506772443
3.0,0.0,0.0,2.0,15.0,57.0,15.0,8.0,5.0,0.0,2.0,5.0,10.0,5.0,5.0,0.0,5.0,0.0,0.0,0.0,7.0,0.0,0.0,0.0,20.0,18.0,0.0,15.0,3.0,5.0,2.0,2.0,1.0,1.0,9.0,3.8,30.0,19.0,1.25,2.0,6.0,28.0,0.49122807017543857,0.0,0.08771929824561403,3085.0,176.0,0.0,1,1,1,0,1,1,1,1,1,1,1,0,1,1,1,0,0,0,0,prime_count.c,-sroa|-sccp|-instcombine|-simplifycfg|-gvn|-dce|-adce|-dse|-reassociate|-lcsr|-loop-rotate|-lcssa|-tailcallelim,0.009418825000466313,0.007892353998613544,8.56877934513395e-06,57,41,91.0,,estimated,-0.1563994444683027
3.0,0.0,0.0,2.0,15.0,57.0,15.0,8.0,5.0,0.0,2.0,5.0,10.0,5.0,5.0,0.0,5.0,0.0,0.0,0.0,7.0,0.0,0.0,0.0,20.0,18.0,0.0,15.0,3.0,5.0,2.0,2.0,1.0,1.0,9.0,3.8,30.0,19.0,1.25,2.0,6.0,28.0,0.49122807017543857,0.0,0.08771929824561403,3085.0,176.0,0.0,1,1,1,1,1,1,1,1,1,1,1,1,1,1,1,1,1,1,1,prime_count.c,-sroa|-sccp|-instcombine|-simplifycfg|-gvn|-dce|-adce|-dse|-reassociate|-lcsr|-loop-rotate|-lcssa|-tailcallelim|-aggressive-instcombine|-loop-unroll|-ipsccp|-sinking|-globalopt|-constmerge,0.012751008995110169,0.007892353998613544,8.459070406661766e-06,57,39,89.0,,estimated,-0.20713210518762282
3.0,0.0,0.0,2.0,15.0,57.0,15.0,8.0,5.0,0.0,2.0,5.0,10.0,5.0,5.0,0.0,5.0,0.0,0.0,0.0,7.0,0.0,0.0,0.0,20.0,18.0,0.0,15.0,3.0,5.0,2.0,2.0,1.0,1.0,9.0,3.8,30.0,19.0,1.25,2.0,6.0,28.0,0.49122807017543857,0.0,0.08771929824561403,3085.0,176.0,0.0,1,0,0,0,1,0,0,0,0,0,0,0,0,0,0,0,0,0,0,prime_count.c,-sroa|-simplifycfg,0.0022944840020500124,0.007892353998613544,8.431032862669477e-06,57,37,106.0,,estimated,0.026626173452933583
3.0,0.0,0.0,2.0,15.0,57.0,15.0,8.0,5.0,0.0,2.0,5.0,10.0,5.0,5.0,0.0,5.0,0.0,0.0,0.0,7.0,0.0,0.0,0.0,20.0,18.0,0.0,15.0,3.0,5.0,2.0,2.0,1.0,1.0,9.0,3.8,30.0,19.0,1.25,2.0,6.0,28.0,0.49122807017543857,0.0,0.08771929824561403,3085.0,176.0,0.0,1,1,0,0,1,1,1,0,0,0,0,0,0,0,0,0,0,0,0,prime_count.c,-sroa|-sccp|-simplifycfg|-gvn|-dse,0.004362207000667695,0.007892353998613544,8.410644836105825e-06,57,33,90.0,,estimated,-0.012149747730363399
3.0,0.0,0.0,2.0,15.0,57.0,15.0,8.0,5.0,0.0,2.0,5.0,10.0,5.0,5.0,0.0,5.0,0.0,0.0,0.0,7.0,0.0,0.0,0.0,20.0,18.0,0.0,15.0,3.0,5.0,2.0,2.0,1.0,1.0,9.0,3.8,30.0,19.0,1.25,2.0,6.0,28.0,0.49122807017543857,0.0,0.08771929824561403,3085.0,176.0,0.0,0,0,0,0,0,0,0,0,0,0,1,1,1,0,0,0,0,0,0,prime_count.c,-loop-rotate|-loop-unroll|-lcsr,0.0039036149973981082,0.007892353998613544,8.527661986351713e-06,57,67,205.0,,estimated,-0.027153415132012252
3.0,0.0,0.0,2.0,15.0,57.0,15.0,8.0,5.0,0.0,2.0,5.0,10.0,5.0,5.0,0.0,5.0,0.0,0.0,0.0,7.0,0.0,0.0,0.0,20.0,18.0,0.0,15.0,3.0,5.0,2.0,2.0,1.0,1.0,9.0,3.8,30.0,19.0,1.25,2.0,6.0,28.0,0.49122807017543857,0.0,0.08771929824561403,3085.0,176.0,0.0,0,1,0,0,0,0,0,0,0,1,0,0,0,0,0,0,0,0,0,prime_count.c,-sccp|-reassociate,0.0021656419994542375,0.007892353998613544,8.998882371016925e-06,57,57,176.0,,estimated,-0.09106007972019287
3.0,0.0,0.0,2.0,15.0,57.0,15.0,8.0,5.0,0.0,2.0,5.0,10.0,5.0,5.0,0.0,5.0,0.0,0.0,0.0,7.0,0.0,0.0,0.0,20.0,18.0,0.0,15.0,3.0,5.0,2.0,2.0,1.0,1.0,9.0,3.8,30.0,19.0,1.25,2.0,6.0,28.0,0.49122807017543857,0.0,0.08771929824561403,3085.0,176.0,0.0,0,0,0,0,1,0,1,0,1,0,0,0,0,0,0,0,1,0,0,prime_count.c,-simplifycfg|-dse|-adce|-ipsccp,0.003978437001933344,0.007892353998613544,8.703683153438004e-06,57,56,175.0,,estimated,-0.06635452387741402
3.0,0.0,0.0,2.0,15.0,57.0,15.0,8.0,5.0,0.0,2.0,5.0,10.0,5.0,5.0,0.0,5.0,0.0,0.0,0.0,7.0,0.0,0.0,0.0,20.0,18.0,0.0,15.0,3.0,5.0,2.0,2.0,1.0,1.0,9.0,3.8,30.0,19.0,1.25,2.0,6.0,28.0,0.49122807017543857,0.0,0.08771929824561403,3085.0,176.0,0.0,0,0,0,0,1,0,1,0,0,0,0,1,1,0,0,0,0,0,0,prime_count.c,-simplifycfg|-dse|-loop-unroll|-loop-rotate,0.004374711999844294,0.007892353998613544,8.428019811779648e-06,57,71,211.0,,estimated,-0.01606626743045682
3.0,0.0,0.0,2.0,15.0,57.0,15.0,8.0,5.0,0.0,2.0,5.0,10.0,5.0,5.0,0.0,5.0,0.0,0.0,0.0,7.0,0.0,0.0,0.0,20.0,18.0,0.0,15.0,3.0,5.0,2.0,2.0,1.0,1.0,9.0,3.8,30.0,19.0,1.25,2.0,6.0,28.0,0.49122807017543857,0.0,0.08771929824561403,3085.0,176.0,0.0,0,0,0,1,0,0,0,1,0,0,0,0,0,0,0,0,0,0,0,prime_count.c,-aggressive-instcombine|-dce,0.00221701600094093,0.007892353998613544,8.792578406499552e-06,57,57,176.0,,estimated,-0.047624777871097465
3.0,0.0,0.0,2.0,15.0,57.0,15.0,8.0,5.0,0.0,2.0,5.0,10.0,5.0,5.0,0.0,5.0,0.0,0.0,0.0,7.0,0.0,0.0,0.0,20.0,18.0,0.0,15.0,3.0,5.0,2.0,2.0,1.0,1.0,9.0,3.8,30.0,19.0,1.25,2.0,6.0,28.0,0.49122807017543857,0.0,0.08771929824561403,3085.0,176.0,0.0,0,0,0,0,0,0,0,0,1,0,0,0,1,0,0,0,0,0,0,prime_count.c,-adce|-loop-rotate,0.0024873659931472503,0.007892353998613544,8.561600016702603e-06,57,67,205.0,,estimated,-0.004490496609414686
3.0,0.0,0.0,2.0,15.0,57.0,15.0,8.0,5.0,0.0,2.0,5.0,10.0,5.0,5.0,0.0,5.0,0.0,0.0,0.0,7.0,0.0,0.0,0.0,20.0,18.0,0.0,15.0,3.0,5.0,2.0,2.0,1.0,1.0,9.0,3.8,30.0,19.0,1.25,2.0,6.0,28.0,0.49122807017543857,0.0,0.08771929824561403,3085.0,176.0,0.0,0,0,0,0,1,0,1,1,0,0,0,0,0,0,0,0,0,0,0,prime_count.c,-simplifycfg|-dse|-dce,0.0028927399980602786,0.007892353998613544,8.520028564990276e-06,57,56,175.0,,estimated,-0.00427410390367537
3.0,0.0,0.0,2.0,15.0,57.0,15.0,8.0,5.0,0.0,2.0,5.0,10.0,5.0,5.0,0.0,5.0,0.0,0.0,0.0,7.0,0.0,0.0,0.0,20.0,18.0,0.0,15.0,3.0,5.0,2.0,2.0,1.0,1.0,9.0,3.8,30.0,19.0,1.25,2.0,6.0,28.0,0.49122807017543857,0.0,0.08771929824561403,3085.0,176.0,0.0,0,0,0,0,1,0,0,0,0,0,0,0,0,0,0,0,0,0,0,prime_count.c,-simplifycfg,0.0017807000040193088,0.007892353998613544,8.542364488777956e-06,57,56,175.0,,estimated,0.014235955941630931
3.0,0.0,0.0,2.0,15.0,57.0,15.0,8.0,5.0,0.0,2.0,5.0,10.0,5.0,5.0,0.0,5.0,0.0,0.0,0.0,7.0,0.0,0.0,0.0,20.0,18.0,0.0,15.0,3.0,5.0,2.0,2.0,1.0,1.0,9.0,3.8,30.0,19.0,1.25,2.0,6.0,28.0,0.49122807017543857,0.0,0.08771929824561403,3085.0,176.0,0.0,0,1,0,0,0,0,0,1,0,0,0,1,0,1,0,0,0,0,0,prime_count.c,-sccp|-dce|-loop-unroll|-lcssa,0.003439510997850448,0.007892353998613544,9.138571372854391e-06,57,57,176.0,,estimated,-0.15008949713729552
3.0,0.0,0.0,2.0,15.0,57.0,15.0,8.0,5.0,0.0,2.0,5.0,10.0,5.0,5.0,0.0,5.0,0.0,0.0,0.0,7.0,0.0,0.0,0.0,20.0,18.0,0.0,15.0,3.0,5.0,2.0,2.0,1.0,1.0,9.0,3.8,30.0,19.0,1.25,2.0,6.0,28.0,0.49122807017543857,0.0,0.08771929824561403,3085.0,176.0,0.0,1,0,0,0,0,0,0,0,1,0,1,1,0,0,0,1,0,1,0,prime_count.c,-sroa|-adce|-lcsr|-loop-unroll|-sinking|-constmerge,0.005662670999299735,0.007892353998613544,1.058668333118678e-05,57,41,112.0,,estimated,-0.5545680583617707
3.0,0.0,0.0,2.0,15.0,57.0,15.0,8.0,5.0,0.0,2.0,5.0,10.0,5.0,5.0,0.0,5.0,0.0,0.0,0.0,7.0,0.0,0.0,0.0,20.0,18.0,0.0,15.0,3.0,5.0,2.0,2.0,1.0,1.0,9.0,3.8,30.0,19.0,1.25,2.0,6.0,28.0,0.49122807017543857,0.0,0.08771929824561403,3085.0,176.0,0.0,0,0,0,0,0,0,0,0,0,0,1,0,0,0,0,0,0,0,0,prime_count.c,-lcsr,0.0022675600048387423,0.007892353998613544,1.0389602322360142e-05,57,57,176.0,,estimated,-0.4180054021304964
3.0,0.0,0.0,2.0,15.0,57.0,15.0,8.0,5.0,0.0,2.0,5.0,10.0,5.0,5.0,0.0,5.0,0.0,0.0,0.0,7.0,0.0,0.0,0.0,20.0,18.0,0.0,15.0,3.0,5.0,2.0,2.0,1.0,1.0,9.0,3.8,30.0,19.0,1.25,2.0,6.0,28.0,0.49122807017543857,0.0,0.08771929824561403,3085.0,176.0,0.0,0,1,0,0,1,1,0,0,0,1,0,0,0,1,0,0,0,0,0,prime_count.c,-sccp|-simplifycfg|-gvn|-reassociate|-lcssa,0.00462962099845754,0.007892353998613544,9.44010213471859e-06,57,45,131.0,,estimated,-0.24619019965982583
3.0,0.0,0.0,2.0,15.0,57.0,15.0,8.0,5.0,0.0,2.0,5.0,10.0,5.0,5.0,0.0,5.0,0.0,0.0,0.0,7.0,0.0,0.0,0.0,20.0,18.0,0.0,15.0,3.0,5.0,2.0,2.0,1.0,1.0,9.0,3.8,30.0,19.0,1.25,2.0,6.0,28.0,0.49122807017543857,0.0,0.08771929824561403,3085.0,176.0,0.0,0,0,0,0,1,0,0,0,0,0,0,1,0,0,0,0,0,0,0,prime_count.c,-simplifycfg|-loop-unroll,0.0029920920060249045,0.007892353998613544,9.233821401721798e-06,57,58,178.0,,estimated,-0.1614277095524958
