kernel,config,correct,run_us,speedup_vs_unopt,compile_ms,compile_mj,run_uj,run_energy_source,break_even_runs,edp_savings_pct_1,edp_savings_pct_100,edp_savings_pct_10000,edp_savings_pct_1000000,object_bytes,text_bytes,instr_before,instr_after,passes
fib_iter,unopt,True,0.0840,1.0000,7.3155,182.8863,2.0996,estimated,0.0,0.00,0.00,0.00,0.00,1136,,,,
fib_iter,-Meco,True,0.0162,5.1853,31.6226,212.6728,0.4049,estimated,17576.6,-402.66,-401.64,-314.29,85.83,1120,,30,15,-sroa
fib_iter,-Mbalanced,True,0.0835,1.0062,13.5484,322.4806,2.0867,estimated,10833319.4,-226.56,-226.23,-197.01,-12.16,1136,,30,30,
fib_iter,-Mperf,True,0.0119,7.0825,1255.1281,31159.5680,0.2964,estimated,17179306.9,-2923022.83,-2916395.15,-2352474.11,-19025.15,1064,,30,12,-sroa -instcombine
fib_iter,clang-O0,True,0.0821,1.0232,24.6969,617.4218,2.0520,estimated,9134227.4,-1039.71,-1037.87,-879.05,-36.78,1232,111,,,
fib_iter,clang-O2,True,0.0015,56.6305,31.6877,792.1932,0.0371,estimated,295420.0,-1776.25,-1772.01,-1411.16,86.80,1104,102,,,
fib_rec,unopt,True,57.6573,1.0000,9.6056,240.1389,1441.4322,estimated,0.0,0.00,0.00,0.00,0.00,1136,,,,
fib_rec,-Meco,True,49.7659,1.1586,42.3432,242.3109,1244.1463,estimated,11.0,-342.29,-193.78,20.27,25.45,1144,,17,11,-sroa
fib_rec,-Mbalanced,True,34.2171,1.6850,111.2413,1343.8783,855.4264,estimated,1883.5,-6309.92,-2674.74,47.75,64.62,1144,,17,16,-O3
fib_rec,-Mperf,True,32.9680,1.7489,1554.3831,38520.5858,824.2006,estimated,62019.6,-2564892.71,-1017879.14,-925.64,64.18,1144,,17,14,-instcombine -gvn -dse -tailcallelim
fib_rec,clang-O0,True,64.1971,0.8981,25.6389,640.9718,1604.9275,estimated,,-607.50,-334.98,-29.71,-24.03,1280,111,,,
fib_rec,clang-O2,True,35.4622,1.6259,29.1959,729.8984,886.5553,estimated,882.6,-815.07,-353.73,57.13,62.12,1232,90,,,
gcd_euclid,unopt,True,0.0119,1.0000,10.0134,250.3358,0.2970,estimated,0.0,0.00,0.00,0.00,0.00,1128,,,,
gcd_euclid,-Meco,True,0.0117,1.0191,47.3510,270.5685,0.2914,estimated,3630646.9,-411.09,-411.04,-405.80,-176.74,1096,,26,15,-sroa
gcd_euclid,-Mbalanced,True,0.0115,1.0301,14.6961,351.6712,0.2883,estimated,11680925.6,-106.17,-106.16,-104.61,-40.08,1128,,26,26,
gcd_euclid,-Mperf,True,0.0118,1.0039,1743.1739,43224.7642,0.2959,estimated,37291818129.3,-3005745.05,-3005043.10,-2936075.90,-637264.58,1088,,26,18,-instcombine
gcd_euclid,clang-O0,True,0.0116,1.0225,30.2388,755.9709,0.2905,estimated,77289798.3,-811.93,-811.79,-797.53,-265.51,1224,100,,,
gcd_euclid,clang-O2,True,0.0119,1.0000,37.1414,928.5339,0.2970,estimated,72771650400.4,-1275.78,-1275.54,-1252.32,-401.33,1064,63,,,
prime_count,unopt,True,9.0138,1.0000,16.4715,411.7873,225.3455,estimated,0.0,0.00,0.00,0.00,0.00,1360,,,,
prime_count,-Meco,True,9.3122,0.9680,63.7816,485.4644,232.8060,estimated,,-356.29,-336.32,-55.36,-7.29,1352,,57,36,-sroa -instcombine
prime_count,-Mbalanced,True,9.6990,0.9294,63.0889,1175.3530,242.4753,estimated,,-992.44,-918.43,-102.82,-16.67,1360,,57,57,
prime_count,-Mperf,True,9.7297,0.9264,2793.6645,68918.0307,243.2431,estimated,,-2835395.82,-2553354.88,-72494.84,-91.76,1360,,57,56,-simplifycfg
prime_count,clang-O0,True,9.9293,0.9078,31.3274,783.1856,248.2322,estimated,,-261.56,-246.11,-50.12,-21.67,1472,223,,,
prime_count,clang-O2,True,8.8889,1.0141,57.4760,1436.8996,222.2220,estimated,328197.1,-1116.65,-1028.65,-88.49,1.85,1336,239,,,
collatz_steps,unopt,True,155.3299,1.0000,19.4117,485.2931,3883.2465,estimated,0.0,0.00,0.00,0.00,0.00,1256,,,,
collatz_steps,-Meco,True,60.9061,2.5503,68.1334,613.5695,1522.6530,estimated,54.3,-338.23,-86.20,82.65,84.61,1184,,55,28,-sroa -instcombine -simplifycfg
collatz_steps,-Mbalanced,True,60.4236,2.5707,124.1179,1039.4184,1510.5906,estimated,233.5,-1250.44,-407.57,80.98,84.83,1168,,55,31,-O3
collatz_steps,-Mperf,True,59.8462,2.5955,2700.7890,66766.1873,1496.1557,estimated,27766.4,-1883877.23,-593204.60,-336.06,83.80,1184,,55,28,-sroa -instcombine -simplifycfg
collatz_steps,clang-O0,True,594.2952,0.2614,35.1721,879.3029,14857.3792,estimated,,-234.12,-632.88,-1344.88,-1363.65,1320,179,,,
collatz_steps,clang-O2,True,105.3696,1.4741,51.5049,1287.6226,2634.2397,estimated,642.4,-595.70,-215.21,50.62,53.95,1152,132,,,
matmul_trace,unopt,True,0.9086,1.0000,10.7526,268.8149,22.7156,estimated,0.0,0.00,0.00,0.00,0.00,1072,,,,
matmul_trace,-Meco,True,0.7460,1.2180,72.2892,470.2306,18.6492,estimated,49531.8,-1075.89,-1062.19,-432.27,25.96,1048,,62,37,-sroa -instcombine
matmul_trace,-Mbalanced,True,0.9175,0.9903,20.7768,489.7510,22.9371,estimated,,-252.01,-249.32,-118.90,-4.02,1072,,62,62,
matmul_trace,-Mperf,True,0.7063,1.2864,1900.2507,47025.3296,17.6583,estimated,9245269.1,-3090928.47,-3040081.73,-914874.92,-697.88,1072,,62,41,-instcombine -gvn -lcsr
matmul_trace,clang-O0,True,2.2809,0.3984,30.1419,753.5484,57.0236,estimated,,-685.79,-684.43,-612.40,-531.89,1144,200,,,
matmul_trace,clang-O2,True,0.2024,4.4884,40.1984,1004.9602,5.0609,estimated,41696.9,-1297.40,-1275.69,-352.96,93.03,2720,829,,,
bit_series,unopt,True,3.1380,1.0000,11.9345,298.3630,78.4506,estimated,0.0,0.00,0.00,0.00,0.00,1232,,,,
bit_series,-Meco,True,2.9933,1.0484,54.7700,382.0458,74.8315,estimated,23122.2,-487.47,-471.95,-104.13,7.58,1224,,50,26,-sroa -instcombine
bit_series,-Mbalanced,True,1.8786,1.6704,67.4151,1294.4863,46.9656,estimated,31638.0,-2349.65,-2241.76,-224.22,62.14,1224,,50,24,-sroa -instcombine -simplifycfg
bit_series,-Mperf,True,1.9785,1.5860,2410.4749,59781.9725,49.4636,estimated,2052080.5,-4044683.00,-3842729.67,-312212.70,-93.30,1224,,50,24,-sroa -instcombine -simplifycfg
bit_series,clang-O0,True,18.5042,0.1696,33.0386,825.9650,462.6038,estimated,,-666.82,-711.38,-2434.90,-3363.20,1336,208,,,
bit_series,clang-O2,True,2.4506,1.2805,40.3466,1008.6648,61.2645,estimated,41329.9,-1042.43,-998.30,-124.17,37.47,1184,175,,,
poly_horner,unopt,True,1.4025,1.0000,9.3543,233.8576,35.0621,estimated,0.0,0.00,0.00,0.00,0.00,1608,,,,
poly_horner,-Meco,True,1.3276,1.0564,38.4485,269.2583,33.1896,estimated,18905.9,-373.18,-366.63,-127.55,8.28,1616,,55,28,-sroa
poly_horner,-Mbalanced,True,1.3425,1.0447,16.7537,395.6494,33.5624,estimated,107879.9,-202.97,-199.00,-61.50,7.37,1608,,55,55,
poly_horner,-Mperf,True,1.1180,1.2544,1655.3558,40961.5632,27.9512,estimated,5727489.1,-3098568.99,-3009007.78,-502876.03,-283.53,1592,,55,25,-sroa -instcombine -loop-rotate
poly_horner,clang-O0,True,2.4971,0.5617,25.9126,647.8158,62.4270,estimated,,-667.28,-659.28,-373.69,-219.35,1984,291,,,
poly_horner,clang-O2,True,0.5181,2.7068,33.5713,839.2835,12.9532,estimated,27383.9,-1187.65,-1154.09,-174.75,84.73,2208,268,,,
newton_sqrt,unopt,True,11.8418,1.0000,9.7975,244.9377,296.0459,estimated,0.0,0.00,0.00,0.00,0.00,1616,,,,
newton_sqrt,-Meco,True,5.9398,1.9936,48.8590,313.8232,148.4945,estimated,466.9,-537.77,-439.11,52.62,74.62,1552,,61,34,-sroa -gvn
newton_sqrt,-Mbalanced,True,6.0660,1.9522,32.3793,543.6610,151.6495,estimated,2068.8,-632.11,-511.40,53.36,73.57,1552,,61,32,-sroa -instcombine -simplifycfg -gvn
newton_sqrt,-Mperf,True,6.0320,1.9632,2167.6328,53724.7943,150.8011,estimated,368204.8,-4840983.09,-3864680.01,-29841.91,52.24,1552,,61,34,-sroa -gvn -loop-rotate
newton_sqrt,clang-O0,True,12.2382,0.9676,26.5635,664.0869,305.9554,estimated,,-633.99,-540.26,-34.95,-7.09,1792,256,,,
newton_sqrt,clang-O2,True,0.9688,12.2234,43.6251,1090.6269,24.2195,estimated,3111.1,-1877.93,-1485.11,82.71,99.27,3072,1331,,,
mandelbrot,unopt,True,42.1102,1.0000,23.8409,596.0229,1052.7541,estimated,0.0,0.00,0.00,0.00,0.00,1680,,,,
mandelbrot,-Meco,True,17.1981,2.4485,72.7148,664.2626,429.9529,estimated,109.6,-239.02,-167.60,75.46,83.24,1576,,93,53,-sroa -instcombine
mandelbrot,-Mbalanced,True,17.0826,2.4651,67.6268,690.9776,427.0651,estimated,151.8,-227.98,-158.58,76.10,83.47,1600,,93,53,-O2
mandelbrot,-Mperf,True,17.0535,2.4693,2458.6063,60853.3550,426.3366,estimated,96193.6,-1049106.23,-761475.99,-3359.06,78.58,1584,,93,50,-sroa -instcombine -gvn
mandelbrot,clang-O0,True,47.5215,0.8861,26.6702,666.7542,1188.0377,estimated,,-25.15,-25.47,-27.23,-27.35,1944,409,,,
mandelbrot,clang-O2,True,16.7605,2.5125,34.7323,868.3071,419.0116,estimated,429.6,-111.69,-68.45,79.32,84.11,1768,303,,,
const_fold,unopt,True,0.0038,1.0000,14.1470,353.6750,0.0943,estimated,0.0,0.00,0.00,0.00,0.00,1344,,,,
const_fold,-Meco,True,0.0031,1.2001,51.5362,379.2583,0.0786,estimated,1627171.1,-290.64,-290.63,-289.61,-211.86,1312,,42,17,-sroa
const_fold,-Mbalanced,True,0.0039,0.9790,14.7534,347.9277,0.0963,estimated,,-2.59,-2.59,-2.60,-2.97,1344,,42,42,
const_fold,-Mperf,True,0.0029,1.2819,1452.8380,36053.5862,0.0736,estimated,1721182514.6,-1046779.43,-1046724.57,-1041261.20,-655042.57,1064,,42,10,-sroa -simplifycfg -gvn -lcsr -loop-unroll -ipsccp
const_fold,clang-O0,True,0.0048,0.7786,25.4617,636.5423,0.1211,estimated,,-223.93,-223.92,-223.43,-186.04,1560,180,,,
const_fold,clang-O2,True,0.0015,2.5453,28.1974,704.9348,0.0371,estimated,6134521.0,-297.27,-297.26,-295.58,-174.32,1024,22,,,
